incident_id,customer,segment,priority_initial,priority_final,priority_changed,priority_change_time,created_at,first_response_at,initial_solution_at,resolved_at,sla_target_hours,reported_ist_hours,device_model,location,engineer,shift,status,customer_impact,rma_required,rma_status,escalated,description,synthetic_anomaly_type
INC-10000,Northstar Health,Healthcare,P4,P4,False,,2026-08-03 18:27:00,2026-08-03 19:03:00,2026-08-03 22:33:36,2026-08-04 04:35:19.224314,8,4.11,Catalyst 9300,Chicago,Engineer-04,Day,Investigating,Low,False,Not Required,True,Unexpected device restart,Initial Response SLA Miss
INC-10001,Vertex Technologies,Technology,P4,P4,False,,2026-08-14 10:17:00,2026-08-14 10:56:00,2026-08-14 15:05:36,2026-08-15 09:39:13.313882,8,4.81,Firewall,Charlotte,Engineer-04,Night,Resolved,Low,True,Delivered,True,Device unreachable,Initial Response SLA Miss
INC-10002,Summit Retail,Retail,P2,P2,False,,2026-08-10 20:39:00,2026-08-10 21:10:00,2026-08-10 23:39:36,2026-08-11 16:51:54.548039,4,3.01,Firewall,Chicago,Engineer-01,Night,Resolved,Critical,True,Approved,False,Switch rebooting unexpectedly,Initial Response SLA Miss
INC-10003,Northstar Health,Healthcare,P2,P2,False,,2026-08-12 06:42:00,2026-08-12 07:10:00,2026-08-12 09:55:48,2026-08-13 02:39:05.746706,4,3.23,Catalyst 9500,Denver,Engineer-07,Night,Escalated,High,True,Shipment Delayed,False,Network performance degradation,Initial Response SLA Miss
INC-10004,Vertex Technologies,Technology,P4,P4,False,,2026-08-25 01:14:00,2026-08-25 01:50:00,2026-08-25 08:15:12,2026-08-25 18:28:48.444365,8,7.02,Catalyst 9500,Minneapolis,Engineer-07,Night,Closed,Medium,True,Customer Return Pending,False,Unexpected device restart,Initial Response SLA Miss
INC-10005,Summit Retail,Retail,P3,P3,False,,2026-08-09 23:37:00,2026-08-10 00:25:00,2026-08-10 06:59:12,2026-08-10 17:10:22.361826,8,7.37,Catalyst 9500,Minneapolis,Engineer-07,Night,Investigating,Medium,False,Not Required,False,Device unreachable,Initial Response SLA Miss
INC-10006,Pioneer Energy,Energy,P3,P3,False,,2026-08-20 14:33:00,2026-08-20 15:16:00,2026-08-20 22:11:24,2026-08-21 18:59:16.559345,8,7.64,Catalyst 9300,Austin,Engineer-02,Day,Closed,Critical,True,Shipment Delayed,True,Network latency observed at site,Initial Response SLA Miss
INC-10007,BluePeak Telecom,Telecommunications,P4,P4,False,,2026-08-09 16:48:00,2026-08-09 17:28:00,2026-08-09 22:42:00,2026-08-10 02:08:50.816128,8,5.9,ISR Router,Denver,Engineer-05,Night,Investigating,Low,False,Not Required,False,Interface flapping,Initial Response SLA Miss
INC-10008,Vertex Technologies,Technology,P1,P1,False,,2026-08-30 11:56:00,2026-08-30 12:41:00,2026-08-30 14:28:24,2026-08-30 16:48:20.203786,4,2.54,Catalyst 9500,Boston,Engineer-03,Day,Resolved,Critical,False,Not Required,False,Packet loss reported,Initial Response SLA Miss
INC-10009,Northstar Health,Healthcare,P4,P4,False,,2026-08-17 19:27:00,2026-08-17 20:08:00,2026-08-18 02:55:48,2026-08-18 21:18:03.958281,8,7.48,Wireless AP,Denver,Engineer-09,Day,Investigating,Critical,False,Not Required,False,Network performance degradation,Initial Response SLA Miss
INC-10010,Orion Manufacturing,Manufacturing,P2,P2,False,,2026-08-01 18:35:00,2026-08-01 19:02:00,2026-08-01 21:36:48,2026-08-01 22:46:43.401468,4,3.03,ISR Router,Minneapolis,Engineer-09,Night,Open,Medium,False,Not Required,True,Wireless connectivity issue,Initial Response SLA Miss
INC-10011,Northstar Health,Healthcare,P3,P2,True,2026-08-08 15:59:00,2026-08-08 15:51:00,2026-08-08 16:22:00,2026-08-08 19:08:00,2026-08-09 04:08:55.838514,4,3.15,Catalyst 9300,Boston,Engineer-02,Day,Pending Customer,Critical,False,Not Required,False,Network performance degradation,Initial Response SLA Miss
INC-10012,Apex Financial,BFSI,P2,P2,False,,2026-08-15 04:27:00,2026-08-15 04:52:00,2026-08-15 06:56:24,2026-08-15 13:41:07.973885,4,2.49,Catalyst 9300,Austin,Engineer-07,Night,Open,Medium,False,Not Required,False,Wireless connectivity issue,Initial Response SLA Miss
INC-10013,Northstar Health,Healthcare,P3,P3,False,,2026-08-13 01:10:00,2026-08-13 01:57:00,2026-08-13 05:10:36,2026-08-13 15:09:22.921528,8,4.01,Catalyst 9300,Seattle,Engineer-01,Day,Investigating,Critical,False,Not Required,False,Network latency observed at site,Initial Response SLA Miss
INC-10014,BluePeak Telecom,Telecommunications,P4,P4,False,,2026-08-18 01:47:00,2026-08-18 02:32:00,2026-08-18 05:59:36,2026-08-18 20:25:45.904821,8,4.21,Wireless AP,Seattle,Engineer-08,Day,Investigating,Medium,False,Not Required,False,Device unreachable,Initial Response SLA Miss
INC-10015,Meridian Public Services,Public Sector,P4,P4,False,,2026-08-04 18:15:00,2026-08-04 19:08:00,2026-08-05 00:28:48,2026-08-05 15:43:32.789055,8,6.23,Catalyst 9300,Seattle,Engineer-02,Day,Open,Low,False,Not Required,False,Hardware failure reported,Initial Response SLA Miss
INC-10016,Summit Retail,Retail,P4,P4,False,,2026-08-11 02:00:00,2026-08-11 02:49:00,2026-08-11 08:19:48,2026-08-11 22:16:43.873859,8,6.33,ISR Router,Phoenix,Engineer-06,Day,Pending Customer,Medium,True,Customer Return Pending,False,High CPU utilization observed,Initial Response SLA Miss
INC-10017,BluePeak Telecom,Telecommunications,P3,P3,False,,2026-08-10 19:51:00,2026-08-10 20:46:00,2026-08-11 01:49:48,2026-08-11 18:11:27.073267,8,5.98,Catalyst 9500,Boston,Engineer-02,Day,Pending Customer,Medium,False,Not Required,False,Device unreachable,Initial Response SLA Miss
INC-10018,Northstar Health,Healthcare,P3,P3,False,,2026-08-23 10:13:00,2026-08-23 11:09:00,2026-08-23 16:35:48,2026-08-23 23:40:05.867055,8,6.38,Catalyst 9500,Chicago,Engineer-02,Day,Closed,Medium,False,Not Required,False,Configuration issue suspected,Initial Response SLA Miss
INC-10019,Apex Financial,BFSI,P3,P3,False,,2026-08-24 14:35:00,2026-08-24 15:32:00,2026-08-24 20:11:00,2026-08-24 21:24:20.651128,8,5.6,Catalyst 9300,Charlotte,Engineer-05,Day,Open,Medium,True,Shipment Delayed,False,Packet loss reported,Initial Response SLA Miss
INC-10020,Apex Financial,BFSI,P3,P3,False,,2026-08-26 01:57:00,2026-08-26 02:43:00,2026-08-26 06:44:24,2026-08-26 13:28:45.062408,8,4.79,ISR Router,Dallas,Engineer-09,Day,Escalated,Low,True,Customer Return Pending,False,Network latency observed at site,Initial Response SLA Miss
INC-10021,Orion Manufacturing,Manufacturing,P2,P2,False,,2026-08-30 10:50:00,2026-08-30 11:23:00,2026-08-30 14:14:00,2026-08-31 11:06:24.501549,4,3.4,Firewall,Atlanta,Engineer-04,Day,Investigating,Low,False,Not Required,False,High CPU utilization observed,Initial Response SLA Miss
INC-10022,Northstar Health,Healthcare,P3,P3,False,,2026-08-28 07:14:00,2026-08-28 07:49:00,2026-08-28 13:42:48,2026-08-28 23:52:40.983025,8,6.48,Wireless AP,Austin,Engineer-08,Day,Investigating,Critical,False,Not Required,True,High interface error rate detected,Initial Response SLA Miss
INC-10023,BluePeak Telecom,Telecommunications,P2,P2,False,,2026-08-31 08:02:00,2026-08-31 08:25:00,2026-08-31 11:04:24,2026-08-31 20:01:26.892847,4,3.04,ISR Router,Seattle,Engineer-07,Night,Open,High,False,Not Required,False,Switch rebooting unexpectedly,Initial Response SLA Miss
INC-10024,Northstar Health,Healthcare,P1,P1,False,,2026-08-30 17:43:00,2026-08-30 18:26:00,2026-08-30 21:22:00,2026-08-31 15:19:06.721021,4,3.65,Wireless AP,Dallas,Engineer-04,Night,Open,Critical,False,Not Required,False,Unexpected device restart,Initial Response SLA Miss
INC-10025,Summit Retail,Retail,P3,P3,False,,2026-08-18 04:12:00,2026-08-18 05:00:00,2026-08-18 10:41:24,2026-08-18 20:24:37.228946,8,6.49,Firewall,Boston,Engineer-02,Night,Resolved,Critical,False,Not Required,False,Device unreachable,Initial Response SLA Miss
INC-10026,BluePeak Telecom,Telecommunications,P4,P4,False,,2026-08-11 14:28:00,2026-08-11 15:17:00,2026-08-11 20:59:48,2026-08-12 09:45:13.206941,8,6.53,Wireless AP,Seattle,Engineer-01,Night,Pending Customer,Critical,False,Not Required,False,Wireless connectivity issue,Initial Response SLA Miss
INC-10027,Meridian Public Services,Public Sector,P4,P4,False,,2026-08-07 04:01:00,2026-08-07 04:37:00,2026-08-07 08:56:12,2026-08-07 20:51:53.289301,8,4.92,Catalyst 9300,Chicago,Engineer-09,Night,Open,Medium,False,Not Required,True,High interface error rate detected,Initial Response SLA Miss
INC-10028,Orion Manufacturing,Manufacturing,P4,P1,True,2026-08-25 13:33:00,2026-08-25 13:14:00,2026-08-25 13:54:00,2026-08-25 16:31:48,2026-08-26 14:18:54.517197,4,2.98,Firewall,Phoenix,Engineer-07,Night,Escalated,Medium,True,Approved,False,Wireless connectivity issue,Initial Response SLA Miss
INC-10029,Summit Retail,Retail,P4,P4,False,,2026-08-09 07:53:00,2026-08-09 08:48:00,2026-08-09 12:55:24,2026-08-10 07:48:35.476366,8,5.04,Wireless AP,Dallas,Engineer-09,Night,Resolved,Medium,False,Not Required,False,Interface flapping,Initial Response SLA Miss
INC-10030,Pioneer Energy,Energy,P2,P2,False,,2026-08-08 12:44:00,2026-08-08 13:08:00,2026-08-08 15:58:24,2026-08-08 18:27:02.148839,4,3.24,Catalyst 9300,Chicago,Engineer-04,Night,Pending Customer,Low,False,Not Required,False,Packet loss reported,Initial Response SLA Miss
INC-10031,Orion Manufacturing,Manufacturing,P4,P4,False,,2026-08-13 15:00:00,2026-08-13 15:46:00,2026-08-13 20:07:12,2026-08-14 06:05:22.894460,8,5.12,Catalyst 9300,Phoenix,Engineer-07,Night,Resolved,Low,False,Not Required,False,Unexpected device restart,Initial Response SLA Miss
INC-10032,Vertex Technologies,Technology,P3,P3,False,,2026-08-13 23:10:00,2026-08-13 23:59:00,2026-08-14 06:37:00,2026-08-15 06:10:23.779739,8,7.45,Wireless AP,Phoenix,Engineer-05,Night,Escalated,Critical,False,Not Required,False,Intermittent connectivity reported by customer,Initial Response SLA Miss
INC-10033,Apex Financial,BFSI,P3,P3,False,,2026-08-11 10:48:00,2026-08-11 11:35:00,2026-08-11 15:50:24,2026-08-12 14:43:03.701124,8,5.04,Catalyst 9300,Charlotte,Engineer-03,Night,Investigating,High,False,Not Required,False,Intermittent connectivity reported by customer,Initial Response SLA Miss
INC-10034,Pioneer Energy,Energy,P4,P4,False,,2026-08-25 00:15:00,2026-08-25 00:56:00,2026-08-25 07:24:00,2026-08-25 22:41:26.592365,8,7.15,Catalyst 9300,Seattle,Engineer-01,Night,Investigating,Low,False,Not Required,False,Network performance degradation,Initial Response SLA Miss
INC-10035,Northstar Health,Healthcare,P4,P4,False,,2026-08-10 03:37:00,2026-08-10 04:12:00,2026-08-10 11:05:48,2026-08-11 01:20:23.969113,8,7.48,Firewall,Phoenix,Engineer-08,Night,Pending Customer,Low,False,Not Required,False,Network latency observed at site,Initial Response SLA Miss
INC-10036,Vertex Technologies,Technology,P4,P4,False,,2026-08-04 18:50:00,2026-08-04 19:26:00,2026-08-05 00:08:00,2026-08-05 10:59:09.699496,8,5.3,Catalyst 9300,Dallas,Engineer-04,Day,Closed,High,False,Not Required,False,Customer unable to access network services,Initial Response SLA Miss
INC-10037,Summit Retail,Retail,P4,P4,False,,2026-08-24 16:41:00,2026-08-24 17:24:00,2026-08-24 22:59:36,2026-08-25 21:08:40.341992,8,6.31,Catalyst 9300,Charlotte,Engineer-08,Day,Escalated,Critical,False,Not Required,False,Packet loss reported,Initial Response SLA Miss
INC-10038,BluePeak Telecom,Telecommunications,P3,P3,False,,2026-08-11 00:31:00,2026-08-11 01:16:00,2026-08-11 05:11:48,2026-08-11 11:04:31.523595,8,4.68,ISR Router,Phoenix,Engineer-02,Night,Escalated,Critical,False,Not Required,False,Wireless connectivity issue,Initial Response SLA Miss
INC-10039,BluePeak Telecom,Telecommunications,P3,P3,False,,2026-08-23 15:41:00,2026-08-23 16:38:00,2026-08-23 21:31:24,2026-08-24 16:45:38.841481,8,5.84,Firewall,Austin,Engineer-09,Day,Open,Critical,True,Approved,False,Wireless connectivity issue,Initial Response SLA Miss
INC-10040,Vertex Technologies,Technology,P3,P3,False,,2026-08-11 11:44:00,2026-08-11 12:33:00,2026-08-11 16:45:12,2026-08-11 23:32:08.224389,8,5.02,ISR Router,Dallas,Engineer-06,Night,Resolved,High,True,Approved,False,Configuration issue suspected,Initial Response SLA Miss
INC-10041,Meridian Public Services,Public Sector,P4,P4,False,,2026-08-10 07:23:00,2026-08-10 08:03:00,2026-08-10 12:30:48,2026-08-11 05:47:51.930617,8,5.13,Catalyst 9500,Phoenix,Engineer-08,Night,Closed,High,True,Requested,False,Hardware failure reported,Initial Response SLA Miss
INC-10042,BluePeak Telecom,Telecommunications,P3,P3,False,,2026-08-31 01:16:00,2026-08-31 02:06:00,2026-08-31 05:41:48,2026-08-31 08:11:58.436427,8,4.43,Catalyst 9500,Minneapolis,Engineer-02,Day,Resolved,Critical,False,Not Required,False,Device unreachable,Initial Response SLA Miss
INC-10043,Apex Financial,BFSI,P3,P3,False,,2026-08-20 19:14:00,2026-08-20 20:13:00,2026-08-21 01:11:36,2026-08-21 12:33:18.597693,8,5.96,Catalyst 9500,Atlanta,Engineer-10,Night,Open,Low,False,Not Required,False,Wireless connectivity issue,Initial Response SLA Miss
INC-10044,Orion Manufacturing,Manufacturing,P4,P4,False,,2026-08-07 08:42:00,2026-08-07 09:19:00,2026-08-07 13:17:24,2026-08-07 18:17:15.761801,8,4.59,ISR Router,Dallas,Engineer-10,Day,Resolved,Low,True,Requested,False,Unexpected device restart,Initial Response SLA Miss
INC-10045,Pioneer Energy,Energy,P2,P2,False,,2026-08-08 08:50:00,2026-08-08 09:35:00,2026-08-08 11:55:24,2026-08-09 04:07:49.955948,4,3.09,ISR Router,Austin,Engineer-04,Night,Closed,Critical,False,Not Required,False,Device unreachable,Initial Response SLA Miss
INC-10046,Vertex Technologies,Technology,P3,P3,False,,2026-08-30 09:28:00,2026-08-30 10:06:00,2026-08-30 15:13:36,2026-08-30 23:13:14.750577,8,5.76,Catalyst 9500,Chicago,Engineer-03,Day,Open,High,False,Not Required,False,Network latency observed at site,Initial Response SLA Miss
INC-10047,Pioneer Energy,Energy,P3,P1,True,2026-09-01 01:23:00,2026-08-31 21:53:00,2026-08-31 22:13:00,2026-09-01 05:08:00,2026-09-01 18:05:44.915180,4,3.75,Wireless AP,Denver,Engineer-10,Day,Escalated,High,False,Not Required,True,Unexpected device restart,Initial Response SLA Miss
INC-10048,Meridian Public Services,Public Sector,P3,P3,False,,2026-08-03 15:22:00,2026-08-03 16:10:00,2026-08-03 20:37:00,2026-08-04 13:01:47.054588,8,5.25,Wireless AP,Seattle,Engineer-08,Night,Investigating,Critical,False,Not Required,False,Hardware failure reported,Initial Response SLA Miss
INC-10049,Pioneer Energy,Energy,P3,P2,True,2026-08-28 20:19:00,2026-08-28 16:52:00,2026-08-28 17:29:00,2026-08-28 23:07:36,2026-08-28 21:55:24.098269,4,2.81,ISR Router,Charlotte,Engineer-09,Day,Escalated,High,False,Not Required,False,Switch rebooting unexpectedly,Initial Response SLA Miss
INC-10050,Pioneer Energy,Energy,P3,P3,False,,2026-08-04 00:40:00,2026-08-04 01:34:00,2026-08-04 07:40:00,2026-08-05 00:59:30.017918,8,7.0,Wireless AP,Austin,Engineer-04,Night,Resolved,High,False,Not Required,True,Network latency observed at site,Initial Response SLA Miss
INC-10051,Orion Manufacturing,Manufacturing,P3,P3,False,,2026-08-17 22:17:00,2026-08-17 23:05:00,2026-08-18 05:24:48,2026-08-19 04:57:32.255580,8,7.13,Catalyst 9300,Phoenix,Engineer-02,Night,Open,Medium,False,Not Required,False,Network performance degradation,Initial Response SLA Miss
INC-10052,Orion Manufacturing,Manufacturing,P3,P3,False,,2026-08-09 00:18:00,2026-08-09 01:16:00,2026-08-09 05:25:12,2026-08-09 19:55:10.443416,8,5.12,Catalyst 9500,Dallas,Engineer-09,Day,Open,Critical,False,Not Required,False,Device unreachable,Initial Response SLA Miss
INC-10053,Meridian Public Services,Public Sector,P3,P3,False,,2026-08-07 22:15:00,2026-08-07 23:08:00,2026-08-08 03:41:24,2026-08-09 00:22:41.874412,8,5.44,Wireless AP,Seattle,Engineer-08,Night,Pending Customer,Critical,False,Not Required,False,Configuration issue suspected,Initial Response SLA Miss
INC-10054,Pioneer Energy,Energy,P4,P4,False,,2026-08-15 03:33:00,2026-08-15 04:22:00,2026-08-15 07:36:36,2026-08-15 11:55:32.068442,8,4.06,Wireless AP,Charlotte,Engineer-03,Night,Open,High,False,Not Required,False,Network latency observed at site,Initial Response SLA Miss
INC-10055,Northstar Health,Healthcare,P4,P4,False,,2026-08-13 10:40:00,2026-08-13 11:37:00,2026-08-13 17:59:48,2026-08-14 06:13:10.051790,8,7.33,Wireless AP,Chicago,Engineer-06,Night,Closed,High,False,Not Required,False,Switch rebooting unexpectedly,Initial Response SLA Miss
INC-10056,Vertex Technologies,Technology,P3,P3,False,,2026-08-29 00:02:00,2026-08-29 00:47:00,2026-08-29 07:01:24,2026-08-29 14:46:14.851850,8,6.99,ISR Router,Phoenix,Engineer-02,Night,Open,Low,False,Not Required,False,Customer unable to access network services,Initial Response SLA Miss
INC-10057,Orion Manufacturing,Manufacturing,P3,P3,False,,2026-08-30 18:09:00,2026-08-30 18:51:00,2026-08-30 23:52:48,2026-08-31 06:43:17.323703,8,5.73,Firewall,Atlanta,Engineer-03,Day,Open,Critical,False,Not Required,True,Hardware failure reported,Initial Response SLA Miss
INC-10058,Pioneer Energy,Energy,P3,P3,False,,2026-08-09 14:54:00,2026-08-09 15:38:00,2026-08-09 19:39:00,2026-08-10 05:29:52.601014,8,4.75,ISR Router,Seattle,Engineer-03,Day,Escalated,High,False,Not Required,False,Packet loss reported,Initial Response SLA Miss
INC-10059,Summit Retail,Retail,P1,P1,False,,2026-08-28 21:49:00,2026-08-28 22:32:00,2026-08-29 01:31:00,2026-08-29 23:27:39.083768,4,3.7,Firewall,Chicago,Engineer-05,Day,Closed,High,False,Not Required,False,High CPU utilization observed,Initial Response SLA Miss
INC-10060,BluePeak Telecom,Telecommunications,P4,P4,False,,2026-08-22 21:53:00,2026-08-22 22:32:00,2026-08-23 04:14:36,2026-08-24 02:01:17.826697,8,6.36,Catalyst 9500,Dallas,Engineer-06,Day,Closed,High,False,Not Required,False,Wireless connectivity issue,Initial Response SLA Miss
INC-10061,Pioneer Energy,Energy,P4,P4,False,,2026-08-05 17:56:00,2026-08-05 18:42:00,2026-08-05 23:55:24,2026-08-06 21:56:00.721487,8,5.99,Catalyst 9300,Dallas,Engineer-06,Day,Open,High,False,Not Required,False,Device unreachable,Initial Response SLA Miss
INC-10062,Pioneer Energy,Energy,P4,P4,False,,2026-08-13 17:23:00,2026-08-13 18:00:00,2026-08-14 00:21:12,2026-08-14 01:40:24.464642,8,6.97,ISR Router,Boston,Engineer-02,Night,Open,Medium,False,Not Required,False,Network latency observed at site,Initial Response SLA Miss
INC-10063,BluePeak Telecom,Telecommunications,P1,P1,False,,2026-08-29 17:20:00,2026-08-29 17:59:00,2026-08-29 19:43:24,2026-08-29 22:10:38.371008,4,2.39,Firewall,Charlotte,Engineer-06,Day,Closed,Critical,False,Not Required,False,Wireless connectivity issue,Initial Response SLA Miss
INC-10064,BluePeak Telecom,Telecommunications,P2,P2,False,,2026-08-08 17:08:00,2026-08-08 17:40:00,2026-08-08 19:55:24,2026-08-09 12:20:40.258921,4,2.79,Wireless AP,Denver,Engineer-03,Day,Open,Critical,False,Not Required,False,Device unreachable,Initial Response SLA Miss
INC-10065,Orion Manufacturing,Manufacturing,P4,P4,False,,2026-08-23 11:13:00,2026-08-23 12:02:00,2026-08-23 16:53:12,2026-08-23 23:19:02.126446,8,5.67,Firewall,Atlanta,Engineer-07,Day,Escalated,Critical,False,Not Required,False,Hardware failure reported,Initial Response SLA Miss
INC-10066,Summit Retail,Retail,P4,P4,False,,2026-08-03 21:13:00,2026-08-03 22:08:00,2026-08-04 03:37:00,2026-08-05 02:57:06.526239,8,6.4,Firewall,Boston,Engineer-01,Night,Pending Customer,Low,True,Shipped,False,Wireless connectivity issue,Initial Response SLA Miss
INC-10067,Meridian Public Services,Public Sector,P3,P1,True,2026-08-09 04:18:00,2026-08-09 04:08:00,2026-08-09 04:41:00,2026-08-09 07:27:36,2026-08-09 08:53:10.596402,4,3.16,Firewall,Phoenix,Engineer-02,Day,Resolved,Medium,True,Approved,False,Wireless connectivity issue,Initial Response SLA Miss
INC-10068,Apex Financial,BFSI,P4,P4,False,,2026-08-25 11:32:00,2026-08-25 12:25:00,2026-08-25 15:56:36,2026-08-26 04:31:53.843514,8,4.41,Catalyst 9500,Chicago,Engineer-01,Day,Closed,Low,False,Not Required,True,High CPU utilization observed,Initial Response SLA Miss
INC-10069,BluePeak Telecom,Telecommunications,P3,P3,False,,2026-08-03 02:20:00,2026-08-03 03:14:00,2026-08-03 06:53:36,2026-08-03 10:47:44.663512,8,4.56,Wireless AP,Austin,Engineer-01,Night,Escalated,Low,False,Not Required,False,High CPU utilization observed,Initial Response SLA Miss
INC-10070,Summit Retail,Retail,P2,P2,False,,2026-08-23 03:54:00,2026-08-23 04:07:00,2026-08-23 10:12:00,2026-08-23 16:08:43.909892,4,6.3,Wireless AP,Dallas,Engineer-09,Night,Escalated,Critical,False,Not Required,False,Configuration issue suspected,IST SLA Miss
INC-10071,Summit Retail,Retail,P4,P4,False,,2026-08-05 21:59:00,2026-08-05 22:19:00,2026-08-06 06:39:12,2026-08-07 02:47:02.712366,8,8.67,Wireless AP,Charlotte,Engineer-07,Day,Pending Customer,High,True,Requested,False,High CPU utilization observed,IST SLA Miss
INC-10072,Summit Retail,Retail,P3,P3,False,,2026-08-25 13:55:00,2026-08-25 14:23:00,2026-08-25 22:32:48,2026-08-26 06:09:43.714953,8,8.63,Catalyst 9500,Seattle,Engineer-01,Night,Closed,Critical,False,Not Required,True,Switch rebooting unexpectedly,IST SLA Miss
INC-10073,Vertex Technologies,Technology,P2,P2,False,,2026-08-09 18:14:00,2026-08-09 18:25:00,2026-08-10 00:50:36,2026-08-11 00:15:28.458656,4,6.61,Catalyst 9500,Minneapolis,Engineer-04,Day,Pending Customer,High,False,Not Required,False,High interface error rate detected,IST SLA Miss
INC-10074,Apex Financial,BFSI,P4,P4,False,,2026-08-06 04:36:00,2026-08-06 05:02:00,2026-08-06 14:06:00,2026-08-06 18:21:47.221364,8,9.5,Firewall,Chicago,Engineer-01,Day,Pending Customer,High,False,Not Required,True,Unexpected device restart,IST SLA Miss
INC-10075,Vertex Technologies,Technology,P4,P4,False,,2026-08-19 19:05:00,2026-08-19 19:11:00,2026-08-20 03:58:24,2026-08-20 22:19:31.290792,8,8.89,Wireless AP,Charlotte,Engineer-08,Night,Investigating,High,True,Requested,False,Packet loss reported,IST SLA Miss
INC-10076,Orion Manufacturing,Manufacturing,P3,P2,True,2026-08-17 21:36:00,2026-08-17 21:19:00,2026-08-17 21:48:00,2026-08-18 02:14:24,2026-08-18 07:39:30.234696,4,4.64,Wireless AP,Dallas,Engineer-08,Night,Pending Customer,Low,False,Not Required,False,Wireless connectivity issue,IST SLA Miss
INC-10077,BluePeak Telecom,Telecommunications,P2,P2,False,,2026-08-13 17:45:00,2026-08-13 17:53:00,2026-08-13 23:30:00,2026-08-14 19:40:01.727960,4,5.75,ISR Router,Boston,Engineer-02,Day,Escalated,Critical,False,Not Required,True,Unexpected device restart,IST SLA Miss
INC-10078,Apex Financial,BFSI,P3,P3,False,,2026-08-14 09:07:00,2026-08-14 09:24:00,2026-08-14 17:40:00,2026-08-15 02:08:10.805258,8,8.55,Wireless AP,Austin,Engineer-08,Day,Pending Customer,Critical,False,Not Required,False,Hardware failure reported,IST SLA Miss
INC-10079,Summit Retail,Retail,P3,P3,False,,2026-08-10 23:21:00,2026-08-10 23:33:00,2026-08-11 08:40:48,2026-08-11 13:32:49.388226,8,9.33,Catalyst 9300,Charlotte,Engineer-02,Day,Escalated,Critical,False,Not Required,True,Hardware failure reported,IST SLA Miss
INC-10080,Vertex Technologies,Technology,P2,P2,False,,2026-08-20 04:48:00,2026-08-20 04:54:00,2026-08-20 09:44:24,2026-08-21 04:30:55.821790,4,4.94,ISR Router,Boston,Engineer-03,Day,Open,High,False,Not Required,False,Network latency observed at site,IST SLA Miss
INC-10081,Pioneer Energy,Energy,P3,P3,False,,2026-08-26 08:37:00,2026-08-26 08:43:00,2026-08-26 17:59:48,2026-08-26 20:42:10.986331,8,9.38,Firewall,Dallas,Engineer-06,Night,Investigating,Low,False,Not Required,True,Interface flapping,IST SLA Miss
INC-10082,Summit Retail,Retail,P3,P3,False,,2026-08-21 06:20:00,2026-08-21 06:44:00,2026-08-21 16:01:24,2026-08-21 20:29:35.297150,8,9.69,ISR Router,Denver,Engineer-02,Night,Escalated,Low,True,Requested,False,Hardware failure reported,IST SLA Miss
INC-10083,Summit Retail,Retail,P4,P4,False,,2026-08-20 05:23:00,2026-08-20 05:39:00,2026-08-20 16:10:24,2026-08-21 02:05:02.091129,8,10.79,Catalyst 9300,Seattle,Engineer-03,Day,Investigating,Critical,False,Not Required,False,Unexpected device restart,IST SLA Miss
INC-10084,Apex Financial,BFSI,P3,P3,False,,2026-08-22 19:55:00,2026-08-22 20:04:00,2026-08-23 05:14:48,2026-08-23 19:38:58.831808,8,9.33,ISR Router,Denver,Engineer-06,Day,Resolved,Critical,True,Shipped,False,Network performance degradation,IST SLA Miss
INC-10085,Orion Manufacturing,Manufacturing,P4,P4,False,,2026-08-27 23:43:00,2026-08-28 00:04:00,2026-08-28 08:26:48,2026-08-29 00:52:01.760119,8,8.73,Catalyst 9500,Dallas,Engineer-02,Night,Resolved,High,False,Not Required,True,High CPU utilization observed,IST SLA Miss
INC-10086,BluePeak Telecom,Telecommunications,P2,P2,False,,2026-08-10 03:32:00,2026-08-10 03:45:00,2026-08-10 10:07:24,2026-08-11 07:26:52.883303,4,6.59,Catalyst 9500,Phoenix,Engineer-06,Night,Investigating,Medium,True,Shipped,False,Wireless connectivity issue,IST SLA Miss
INC-10087,Meridian Public Services,Public Sector,P4,P2,True,2026-08-23 02:24:00,2026-08-22 23:15:00,2026-08-22 23:27:00,2026-08-23 07:29:24,2026-08-23 10:50:27.151572,4,5.09,Firewall,Charlotte,Engineer-03,Day,Investigating,Medium,False,Not Required,False,High interface error rate detected,IST SLA Miss
INC-10088,Vertex Technologies,Technology,P3,P3,False,,2026-08-06 06:51:00,2026-08-06 07:15:00,2026-08-06 15:42:00,2026-08-06 22:27:00.265920,8,8.85,ISR Router,Dallas,Engineer-08,Night,Pending Customer,Critical,False,Not Required,False,Customer unable to access network services,IST SLA Miss
INC-10089,Northstar Health,Healthcare,P4,P2,True,2026-08-03 08:08:00,2026-08-03 07:52:00,2026-08-03 08:11:00,2026-08-03 13:40:24,2026-08-03 23:31:30.388341,4,5.54,Firewall,Denver,Engineer-05,Day,Investigating,Critical,False,Not Required,False,Device unreachable,IST SLA Miss
INC-10090,Northstar Health,Healthcare,P4,P2,True,2026-08-30 18:59:00,2026-08-30 15:44:00,2026-08-30 15:56:00,2026-08-31 01:01:24,2026-08-31 19:36:29.000098,4,6.04,ISR Router,Phoenix,Engineer-01,Night,Open,High,True,Approved,False,High interface error rate detected,IST SLA Miss
INC-10091,Orion Manufacturing,Manufacturing,P3,P3,False,,2026-08-15 02:07:00,2026-08-15 02:27:00,2026-08-15 12:06:24,2026-08-15 13:29:04.847163,8,9.99,Catalyst 9300,Chicago,Engineer-04,Night,Open,Medium,False,Not Required,False,Intermittent connectivity reported by customer,IST SLA Miss
INC-10092,Meridian Public Services,Public Sector,P2,P2,False,,2026-08-22 02:33:00,2026-08-22 02:43:00,2026-08-22 07:13:12,2026-08-22 20:19:09.722073,4,4.67,ISR Router,Charlotte,Engineer-01,Night,Investigating,Critical,False,Not Required,False,Hardware failure reported,IST SLA Miss
INC-10093,Apex Financial,BFSI,P3,P1,True,2026-08-24 21:55:00,2026-08-24 21:40:00,2026-08-24 22:00:00,2026-08-25 02:31:36,2026-08-25 15:50:05.938103,4,4.61,Wireless AP,Minneapolis,Engineer-01,Night,Pending Customer,Low,False,Not Required,False,Device unreachable,IST SLA Miss
INC-10094,Pioneer Energy,Energy,P1,P1,False,,2026-08-07 01:50:00,2026-08-07 01:58:00,2026-08-07 08:32:36,2026-08-07 16:48:07.333900,4,6.71,Wireless AP,Atlanta,Engineer-03,Day,Closed,Critical,False,Not Required,False,Customer unable to access network services,IST SLA Miss
INC-10095,Pioneer Energy,Energy,P4,P4,False,,2026-08-04 11:27:00,2026-08-04 11:44:00,2026-08-04 21:48:36,2026-08-05 19:23:11.984582,8,10.36,ISR Router,Austin,Engineer-04,Night,Pending Customer,Low,False,Not Required,False,High interface error rate detected,IST SLA Miss
INC-10096,Pioneer Energy,Energy,P2,P2,False,,2026-08-20 05:34:00,2026-08-20 05:43:00,2026-08-20 10:52:00,2026-08-20 13:42:29.705837,4,5.3,Wireless AP,Boston,Engineer-09,Night,Open,Critical,False,Not Required,False,Unexpected device restart,IST SLA Miss
INC-10097,Orion Manufacturing,Manufacturing,P3,P3,False,,2026-08-21 01:04:00,2026-08-21 01:30:00,2026-08-21 11:09:24,2026-08-21 20:30:46.161618,8,10.09,Catalyst 9500,Minneapolis,Engineer-06,Night,Open,High,False,Not Required,False,Unexpected device restart,IST SLA Miss
INC-10098,Apex Financial,BFSI,P4,P4,False,,2026-08-13 18:02:00,2026-08-13 18:26:00,2026-08-14 02:54:48,2026-08-14 14:15:41.588690,8,8.88,Catalyst 9500,Dallas,Engineer-08,Day,Investigating,Medium,False,Not Required,False,Switch rebooting unexpectedly,IST SLA Miss
INC-10099,Northstar Health,Healthcare,P3,P1,True,2026-08-16 17:32:00,2026-08-16 16:24:00,2026-08-16 16:33:00,2026-08-16 23:47:36,2026-08-17 04:35:42.431225,4,6.26,Firewall,Atlanta,Engineer-09,Night,Escalated,High,False,Not Required,False,Packet loss reported,IST SLA Miss
INC-10100,Pioneer Energy,Energy,P4,P4,False,,2026-08-31 10:42:00,2026-08-31 10:58:00,2026-08-31 20:58:12,2026-09-01 10:37:11.763812,8,10.27,Catalyst 9500,Denver,Engineer-03,Day,Escalated,Critical,False,Not Required,False,Network latency observed at site,IST SLA Miss
INC-10101,Meridian Public Services,Public Sector,P3,P3,False,,2026-08-12 17:36:00,2026-08-12 17:52:00,2026-08-13 03:16:12,2026-08-14 02:52:45.390093,8,9.67,Catalyst 9500,Boston,Engineer-09,Day,Open,Medium,True,Requested,True,Wireless connectivity issue,IST SLA Miss
INC-10102,Orion Manufacturing,Manufacturing,P4,P4,False,,2026-08-15 14:43:00,2026-08-15 15:04:00,2026-08-16 00:04:36,2026-08-16 21:16:11.100557,8,9.36,Wireless AP,Seattle,Engineer-07,Night,Resolved,Medium,False,Not Required,False,Switch rebooting unexpectedly,IST SLA Miss
INC-10103,Meridian Public Services,Public Sector,P3,P3,False,,2026-08-30 22:14:00,2026-08-30 22:30:00,2026-08-31 09:06:12,2026-08-31 22:02:16.737294,8,10.87,Catalyst 9500,Charlotte,Engineer-09,Day,Open,Medium,False,Not Required,True,Configuration issue suspected,IST SLA Miss
INC-10104,Vertex Technologies,Technology,P3,P3,False,,2026-08-31 18:09:00,2026-08-31 18:19:00,2026-09-01 04:18:00,2026-09-01 21:52:28.393227,8,10.15,Firewall,Chicago,Engineer-03,Night,Resolved,Low,False,Not Required,False,Configuration issue suspected,IST SLA Miss
INC-10105,Apex Financial,BFSI,P3,P2,True,2026-08-21 09:47:00,2026-08-21 09:30:00,2026-08-21 09:54:00,2026-08-21 15:24:48,2026-08-22 07:58:05.203735,4,5.63,Catalyst 9300,Denver,Engineer-01,Night,Closed,Critical,False,Not Required,False,Wireless connectivity issue,IST SLA Miss
INC-10106,Pioneer Energy,Energy,P4,P4,False,,2026-08-13 04:48:00,2026-08-13 05:04:00,2026-08-13 14:35:24,2026-08-13 18:01:56.029703,8,9.79,Catalyst 9500,Boston,Engineer-10,Day,Pending Customer,High,False,Not Required,False,High interface error rate detected,IST SLA Miss
INC-10107,Pioneer Energy,Energy,P3,P3,False,,2026-08-06 10:59:00,2026-08-06 11:22:00,2026-08-06 21:17:00,2026-08-07 02:38:58.263581,8,10.3,Catalyst 9500,Atlanta,Engineer-02,Day,Pending Customer,Critical,False,Not Required,False,High CPU utilization observed,IST SLA Miss
INC-10108,Pioneer Energy,Energy,P4,P4,False,,2026-08-12 01:03:00,2026-08-12 01:17:00,2026-08-12 10:47:24,2026-08-13 08:05:01.708643,8,9.74,Wireless AP,Chicago,Engineer-08,Day,Open,Critical,False,Not Required,False,High CPU utilization observed,IST SLA Miss
INC-10109,Apex Financial,BFSI,P3,P3,False,,2026-08-19 17:12:00,2026-08-19 17:28:00,2026-08-20 03:04:48,2026-08-20 05:46:16.428879,8,9.88,Catalyst 9300,Charlotte,Engineer-03,Night,Closed,Critical,False,Not Required,False,Packet loss reported,IST SLA Miss
INC-10110,BluePeak Telecom,Telecommunications,P4,P4,False,,2026-08-31 11:48:00,2026-08-31 11:57:00,2026-08-31 20:48:00,2026-09-01 09:30:35.344343,8,9.0,Firewall,Dallas,Engineer-02,Day,Open,High,False,Not Required,True,High CPU utilization observed,IST SLA Miss
INC-10111,Meridian Public Services,Public Sector,P3,P3,False,,2026-08-06 12:39:00,2026-08-06 13:07:00,2026-08-06 23:15:36,2026-08-07 13:54:56.401486,8,10.61,ISR Router,Minneapolis,Engineer-09,Night,Investigating,Medium,False,Not Required,False,Hardware failure reported,IST SLA Miss
INC-10112,Pioneer Energy,Energy,P4,P4,False,,2026-08-26 23:55:00,2026-08-27 00:22:00,2026-08-27 09:59:12,2026-08-28 00:42:56.116201,8,10.07,Firewall,Chicago,Engineer-08,Day,Pending Customer,Low,False,Not Required,False,Packet loss reported,IST SLA Miss
INC-10113,Vertex Technologies,Technology,P2,P2,False,,2026-08-22 07:02:00,2026-08-22 07:08:00,2026-08-22 12:00:48,2026-08-22 23:09:25.993280,4,4.98,Catalyst 9300,Dallas,Engineer-08,Day,Resolved,Critical,False,Not Required,False,Network performance degradation,IST SLA Miss
INC-10114,Vertex Technologies,Technology,P4,P4,False,,2026-08-18 10:42:00,2026-08-18 11:02:00,2026-08-18 20:30:36,2026-08-19 04:43:34.715175,8,9.81,Wireless AP,Seattle,Engineer-10,Night,Closed,Low,False,Not Required,False,Unexpected device restart,IST SLA Miss
INC-10115,Summit Retail,Retail,P3,P3,False,,2026-08-10 09:45:00,2026-08-10 09:56:00,2026-08-10 19:58:48,2026-08-11 08:13:37.454984,8,10.23,Firewall,Boston,Engineer-05,Night,Investigating,High,False,Not Required,False,Wireless connectivity issue,IST SLA Miss
INC-10116,BluePeak Telecom,Telecommunications,P4,P4,False,,2026-08-10 01:18:00,2026-08-10 01:45:00,2026-08-10 10:00:00,2026-08-11 08:15:07.997520,8,8.7,ISR Router,Denver,Engineer-10,Night,Escalated,High,False,Not Required,False,High interface error rate detected,IST SLA Miss
INC-10117,Vertex Technologies,Technology,P3,P3,False,,2026-08-17 07:40:00,2026-08-17 07:52:00,2026-08-17 16:17:48,2026-08-18 02:48:09.353109,8,8.63,Catalyst 9500,Seattle,Engineer-05,Night,Investigating,Medium,False,Not Required,True,Switch rebooting unexpectedly,IST SLA Miss
INC-10118,Meridian Public Services,Public Sector,P4,P4,False,,2026-08-10 10:18:00,2026-08-10 10:43:00,2026-08-10 18:57:00,2026-08-11 13:37:50.429465,8,8.65,Catalyst 9300,Seattle,Engineer-03,Night,Closed,Critical,False,Not Required,False,Interface flapping,IST SLA Miss
INC-10119,Apex Financial,BFSI,P2,P2,False,,2026-08-24 09:56:00,2026-08-24 10:01:00,2026-08-24 14:27:12,2026-08-25 04:30:59.242725,4,4.52,Catalyst 9500,Charlotte,Engineer-03,Day,Escalated,Critical,True,Shipped,False,Customer unable to access network services,IST SLA Miss
INC-10120,Pioneer Energy,Energy,P3,P3,False,,2026-08-21 08:45:00,2026-08-21 08:55:00,2026-08-21 17:17:24,2026-08-22 02:02:36.888449,8,8.54,Catalyst 9500,Seattle,Engineer-08,Night,Investigating,Low,False,Not Required,False,Customer unable to access network services,IST SLA Miss
INC-10121,Vertex Technologies,Technology,P3,P1,True,2026-08-16 11:12:00,2026-08-16 10:59:00,2026-08-16 11:21:00,2026-08-16 16:17:24,2026-08-17 10:24:35.050768,4,5.09,Catalyst 9500,Dallas,Engineer-07,Night,Resolved,Low,False,Not Required,False,Packet loss reported,IST SLA Miss
INC-10122,Apex Financial,BFSI,P3,P3,False,,2026-08-17 22:49:00,2026-08-17 23:03:00,2026-08-18 09:02:48,2026-08-19 00:44:13.297727,8,10.23,ISR Router,Boston,Engineer-04,Day,Closed,Critical,False,Not Required,False,Switch rebooting unexpectedly,IST SLA Miss
INC-10123,Vertex Technologies,Technology,P3,P3,False,,2026-08-16 17:51:00,2026-08-16 18:17:00,2026-08-17 04:24:36,2026-08-17 22:55:57.976534,8,10.56,Catalyst 9500,Atlanta,Engineer-08,Day,Escalated,High,False,Not Required,False,Unexpected device restart,IST SLA Miss
INC-10124,Northstar Health,Healthcare,P2,P2,False,,2026-08-18 16:12:00,2026-08-18 16:25:00,2026-08-18 21:04:12,2026-08-19 05:37:00.140405,4,4.87,Firewall,Minneapolis,Engineer-09,Night,Open,Low,False,Not Required,True,Hardware failure reported,IST SLA Miss
INC-10125,Vertex Technologies,Technology,P3,P3,False,,2026-08-02 17:29:00,2026-08-02 17:55:00,2026-08-03 04:00:12,2026-08-03 21:38:19.590610,8,10.52,Firewall,Minneapolis,Engineer-02,Night,Open,Medium,False,Not Required,False,Interface flapping,IST SLA Miss
INC-10126,Vertex Technologies,Technology,P3,P1,True,2026-08-30 15:12:00,2026-08-30 15:02:00,2026-08-30 15:17:00,2026-08-30 21:36:36,2026-08-31 20:56:41.995992,4,6.41,Firewall,Denver,Engineer-01,Night,Pending Customer,Low,False,Not Required,False,Unexpected device restart,IST SLA Miss
INC-10127,Orion Manufacturing,Manufacturing,P4,P4,False,,2026-08-06 17:25:00,2026-08-06 17:46:00,2026-08-07 02:14:12,2026-08-08 01:44:50.378418,8,8.82,Wireless AP,Charlotte,Engineer-07,Day,Closed,Medium,False,Not Required,False,Network performance degradation,IST SLA Miss
INC-10128,BluePeak Telecom,Telecommunications,P3,P3,False,,2026-08-30 23:48:00,2026-08-30 23:56:00,2026-08-31 08:22:48,2026-09-01 00:33:52.368384,8,8.58,Wireless AP,Seattle,Engineer-07,Night,Investigating,Critical,False,Not Required,False,Wireless connectivity issue,IST SLA Miss
INC-10129,Apex Financial,BFSI,P3,P3,False,,2026-08-02 07:47:00,2026-08-02 07:53:00,2026-08-02 17:17:36,2026-08-02 23:40:59.292259,8,9.51,Catalyst 9500,Phoenix,Engineer-02,Day,Resolved,Critical,False,Not Required,False,Intermittent connectivity reported by customer,IST SLA Miss
INC-10130,Apex Financial,BFSI,P3,P3,False,,2026-08-27 10:15:00,2026-08-27 10:29:00,2026-08-27 20:56:24,2026-08-28 20:36:39.592428,8,10.69,Catalyst 9500,Seattle,Engineer-05,Day,Closed,High,False,Not Required,False,Hardware failure reported,IST SLA Miss
INC-10131,BluePeak Telecom,Telecommunications,P3,P2,True,2026-08-31 20:57:00,2026-08-31 20:42:00,2026-08-31 21:06:00,2026-09-01 02:28:12,2026-09-01 10:07:02.767339,4,5.52,Catalyst 9300,Seattle,Engineer-10,Day,Closed,Critical,False,Not Required,False,Network performance degradation,IST SLA Miss
INC-10132,Vertex Technologies,Technology,P4,P4,False,,2026-08-05 12:15:00,2026-08-05 12:28:00,2026-08-05 21:15:36,2026-08-06 13:08:03.244508,8,9.01,Catalyst 9500,Chicago,Engineer-03,Night,Open,Critical,False,Not Required,False,Configuration issue suspected,IST SLA Miss
INC-10133,Northstar Health,Healthcare,P4,P4,False,,2026-08-25 18:46:00,2026-08-25 19:12:00,2026-08-26 04:40:00,2026-08-26 16:41:33.840296,8,9.9,Firewall,Phoenix,Engineer-01,Night,Escalated,Low,False,Not Required,False,Network performance degradation,IST SLA Miss
INC-10134,Apex Financial,BFSI,P3,P3,False,,2026-08-11 09:24:00,2026-08-11 09:43:00,2026-08-11 19:13:48,2026-08-12 04:29:34.691200,8,9.83,Catalyst 9500,Phoenix,Engineer-02,Night,Investigating,Medium,False,Not Required,False,Unexpected device restart,IST SLA Miss
INC-10135,Pioneer Energy,Energy,P3,P3,False,,2026-08-08 23:09:00,2026-08-08 23:14:00,2026-08-09 08:18:00,2026-08-10 06:47:57.983125,8,9.15,Wireless AP,Denver,Engineer-08,Night,Investigating,High,False,Not Required,False,Packet loss reported,IST SLA Miss
INC-10136,Meridian Public Services,Public Sector,P3,P3,False,,2026-08-22 10:16:00,2026-08-22 10:36:00,2026-08-22 21:11:12,2026-08-23 12:56:44.300824,8,10.92,Catalyst 9500,Boston,Engineer-04,Night,Resolved,Medium,False,Not Required,False,High interface error rate detected,IST SLA Miss
INC-10137,Summit Retail,Retail,P3,P3,False,,2026-08-03 21:03:00,2026-08-03 21:08:00,2026-08-04 06:34:48,2026-08-05 02:57:30.702553,8,9.53,Catalyst 9500,Atlanta,Engineer-09,Night,Investigating,Low,False,Not Required,False,Configuration issue suspected,IST SLA Miss
INC-10138,Apex Financial,BFSI,P4,P2,True,2026-08-01 03:42:00,2026-08-01 00:33:00,2026-08-01 00:38:00,2026-08-01 09:27:36,2026-08-01 23:21:38.731511,4,5.76,Catalyst 9500,Seattle,Engineer-08,Night,Open,Critical,False,Not Required,False,Hardware failure reported,IST SLA Miss
INC-10139,Meridian Public Services,Public Sector,P4,P4,False,,2026-08-13 02:23:00,2026-08-13 02:40:00,2026-08-13 12:02:00,2026-08-13 18:37:37.613639,8,9.65,Catalyst 9300,Denver,Engineer-09,Day,Investigating,High,False,Not Required,False,Wireless connectivity issue,IST SLA Miss
INC-10140,Northstar Health,Healthcare,P2,P2,False,,2026-08-01 22:10:00,2026-08-01 22:16:00,2026-08-02 01:02:12,2026-08-02 20:04:38.358533,4,4.16,Catalyst 9300,Denver,Engineer-07,Night,Escalated,Critical,False,Not Required,False,Configuration issue suspected,KPI Calculation Error
INC-10141,Northstar Health,Healthcare,P3,P3,False,,2026-08-22 08:57:00,2026-08-22 09:19:00,2026-08-22 15:03:36,2026-08-23 13:25:17.854712,8,6.9,Firewall,Austin,Engineer-04,Day,Closed,Critical,False,Not Required,False,Hardware failure reported,KPI Calculation Error
INC-10142,Meridian Public Services,Public Sector,P4,P4,False,,2026-08-13 23:08:00,2026-08-13 23:35:00,2026-08-14 05:51:12,2026-08-15 05:15:45.971512,8,8.1,Wireless AP,Denver,Engineer-05,Day,Resolved,Critical,True,Delivered,False,Wireless connectivity issue,KPI Calculation Error
INC-10143,Northstar Health,Healthcare,P4,P4,False,,2026-08-08 11:35:00,2026-08-08 11:52:00,2026-08-08 17:12:12,2026-08-09 09:23:55.633942,8,7.22,ISR Router,Dallas,Engineer-10,Night,Pending Customer,High,True,Customer Return Pending,False,Intermittent connectivity reported by customer,KPI Calculation Error
INC-10144,Vertex Technologies,Technology,P4,P4,False,,2026-08-04 02:00:00,2026-08-04 02:14:00,2026-08-04 07:40:12,2026-08-04 11:01:16.761089,8,7.37,Catalyst 9300,Denver,Engineer-05,Day,Escalated,Medium,True,Delivered,False,Unexpected device restart,KPI Calculation Error
INC-10145,Orion Manufacturing,Manufacturing,P4,P2,True,2026-08-13 03:13:00,2026-08-13 02:46:00,2026-08-13 02:59:00,2026-08-13 05:31:00,2026-08-13 14:49:24.611545,4,2.75,Catalyst 9300,Austin,Engineer-02,Night,Resolved,High,True,Shipped,False,Switch rebooting unexpectedly,KPI Calculation Error
INC-10146,Meridian Public Services,Public Sector,P4,P4,False,,2026-08-31 07:46:00,2026-08-31 08:11:00,2026-08-31 13:37:36,2026-09-01 01:09:26.943205,8,7.38,Catalyst 9300,Atlanta,Engineer-07,Night,Escalated,Critical,True,Requested,False,Device unreachable,KPI Calculation Error
INC-10147,Summit Retail,Retail,P3,P3,False,,2026-08-23 06:30:00,2026-08-23 06:45:00,2026-08-23 11:10:12,2026-08-23 19:30:36.598647,8,5.92,Firewall,Charlotte,Engineer-06,Night,Pending Customer,Medium,False,Not Required,False,High CPU utilization observed,KPI Calculation Error
INC-10148,Vertex Technologies,Technology,P3,P3,False,,2026-08-22 17:01:00,2026-08-22 17:29:00,2026-08-22 22:44:48,2026-08-23 09:49:52.070217,8,7.37,ISR Router,Charlotte,Engineer-05,Night,Pending Customer,Medium,False,Not Required,False,Switch rebooting unexpectedly,KPI Calculation Error
INC-10149,Orion Manufacturing,Manufacturing,P4,P4,False,,2026-08-03 14:38:00,2026-08-03 14:58:00,2026-08-03 20:48:48,2026-08-04 19:03:13.448432,8,7.6,Wireless AP,Atlanta,Engineer-05,Day,Pending Customer,Medium,False,Not Required,False,Network performance degradation,KPI Calculation Error
INC-10150,Apex Financial,BFSI,P4,P4,False,,2026-08-21 19:02:00,2026-08-21 19:25:00,2026-08-22 02:43:24,2026-08-22 12:54:52.349387,8,9.29,ISR Router,Seattle,Engineer-10,Day,Open,Medium,False,Not Required,False,Customer unable to access network services,KPI Calculation Error
INC-10151,Orion Manufacturing,Manufacturing,P3,P3,False,,2026-08-25 21:37:00,2026-08-25 22:04:00,2026-08-26 03:29:48,2026-08-26 05:03:41.787671,8,7.06,Catalyst 9300,Austin,Engineer-02,Night,Investigating,Medium,True,Delivered,False,Configuration issue suspected,KPI Calculation Error
INC-10152,Northstar Health,Healthcare,P3,P3,False,,2026-08-04 14:46:00,2026-08-04 15:13:00,2026-08-04 20:28:00,2026-08-04 22:29:39.756762,8,6.53,Catalyst 9300,Atlanta,Engineer-06,Night,Pending Customer,Medium,False,Not Required,True,Interface flapping,KPI Calculation Error
INC-10153,Summit Retail,Retail,P3,P3,False,,2026-08-08 12:40:00,2026-08-08 12:50:00,2026-08-08 17:22:00,2026-08-09 03:27:54.220909,8,6.27,Catalyst 9300,Atlanta,Engineer-04,Day,Resolved,High,False,Not Required,False,Network latency observed at site,KPI Calculation Error
INC-10154,Pioneer Energy,Energy,P3,P3,False,,2026-08-26 02:36:00,2026-08-26 02:44:00,2026-08-26 09:36:00,2026-08-26 19:00:47.662835,8,8.42,Firewall,Charlotte,Engineer-07,Day,Closed,Medium,False,Not Required,True,Wireless connectivity issue,KPI Calculation Error
INC-10155,Pioneer Energy,Energy,P3,P3,False,,2026-08-20 05:52:00,2026-08-20 06:18:00,2026-08-20 12:31:00,2026-08-21 03:38:59.317901,8,7.77,Firewall,Boston,Engineer-10,Night,Resolved,Low,True,Approved,False,High CPU utilization observed,KPI Calculation Error
INC-10156,Vertex Technologies,Technology,P3,P2,True,2026-08-14 05:56:00,2026-08-14 05:31:00,2026-08-14 05:44:00,2026-08-14 08:13:24,2026-08-14 15:26:59.519291,4,2.71,ISR Router,Denver,Engineer-03,Night,Closed,Critical,False,Not Required,False,Network latency observed at site,KPI Calculation Error
INC-10157,Apex Financial,BFSI,P4,P4,False,,2026-08-16 13:43:00,2026-08-16 14:03:00,2026-08-16 19:16:36,2026-08-17 07:31:00.319589,8,7.36,ISR Router,Austin,Engineer-08,Day,Investigating,Critical,True,Requested,False,High interface error rate detected,KPI Calculation Error
INC-10158,Vertex Technologies,Technology,P4,P4,False,,2026-08-25 15:35:00,2026-08-25 15:56:00,2026-08-25 20:00:12,2026-08-26 14:49:51.358707,8,5.31,ISR Router,Austin,Engineer-05,Day,Resolved,Medium,False,Not Required,False,Device unreachable,KPI Calculation Error
INC-10159,Apex Financial,BFSI,P3,P3,False,,2026-08-15 08:22:00,2026-08-15 08:29:00,2026-08-15 14:01:00,2026-08-16 08:51:22.300610,8,7.64,Wireless AP,Seattle,Engineer-04,Night,Open,Medium,False,Not Required,False,Unexpected device restart,KPI Calculation Error
INC-10160,Summit Retail,Retail,P4,P4,False,,2026-08-18 08:38:00,2026-08-18 09:00:00,2026-08-18 13:15:48,2026-08-18 20:59:38.152988,8,6.6,Firewall,Charlotte,Engineer-03,Day,Investigating,Medium,False,Not Required,False,High interface error rate detected,KPI Calculation Error
INC-10161,Northstar Health,Healthcare,P3,P3,False,,2026-08-27 07:48:00,2026-08-27 08:14:00,2026-08-27 13:16:12,2026-08-28 04:48:54.884148,8,6.4,Catalyst 9500,Charlotte,Engineer-01,Night,Closed,Medium,False,Not Required,False,Network latency observed at site,KPI Calculation Error
INC-10162,Northstar Health,Healthcare,P4,P4,False,,2026-08-01 23:05:00,2026-08-01 23:33:00,2026-08-02 06:44:00,2026-08-02 23:46:15.527361,8,9.19,Catalyst 9300,Charlotte,Engineer-09,Night,Closed,Critical,False,Not Required,False,Packet loss reported,KPI Calculation Error
INC-10163,Orion Manufacturing,Manufacturing,P3,P3,False,,2026-08-19 15:50:00,2026-08-19 16:05:00,2026-08-19 23:11:00,2026-08-20 01:14:24.074245,8,9.05,Catalyst 9500,Charlotte,Engineer-04,Night,Pending Customer,High,False,Not Required,False,Packet loss reported,KPI Calculation Error
INC-10164,Apex Financial,BFSI,P4,P4,False,,2026-08-29 20:19:00,2026-08-29 20:29:00,2026-08-30 03:35:48,2026-08-30 06:44:36.550719,8,9.13,Catalyst 9300,Atlanta,Engineer-08,Night,Open,Medium,False,Not Required,True,High CPU utilization observed,KPI Calculation Error
INC-10165,Meridian Public Services,Public Sector,P4,P2,True,2026-08-03 05:04:00,2026-08-03 04:37:00,2026-08-03 04:50:00,2026-08-03 08:15:24,2026-08-03 09:01:12.959262,4,3.64,Catalyst 9300,Charlotte,Engineer-05,Day,Escalated,Low,False,Not Required,False,Network performance degradation,KPI Calculation Error
INC-10166,Orion Manufacturing,Manufacturing,P2,P2,False,,2026-08-12 09:08:00,2026-08-12 09:19:00,2026-08-12 12:29:00,2026-08-12 16:32:44.507942,4,5.04,Catalyst 9500,Minneapolis,Engineer-02,Day,Escalated,Low,False,Not Required,False,Switch rebooting unexpectedly,KPI Calculation Error
INC-10167,Apex Financial,BFSI,P4,P4,False,,2026-08-15 06:05:00,2026-08-15 06:13:00,2026-08-15 10:36:48,2026-08-16 04:24:12.757529,8,5.43,Firewall,Atlanta,Engineer-08,Night,Closed,Medium,False,Not Required,False,Wireless connectivity issue,KPI Calculation Error
INC-10168,Meridian Public Services,Public Sector,P4,P4,False,,2026-08-28 21:56:00,2026-08-28 22:10:00,2026-08-29 02:42:12,2026-08-29 08:02:31.932126,8,6.28,Catalyst 9500,Chicago,Engineer-02,Day,Resolved,High,False,Not Required,False,Hardware failure reported,KPI Calculation Error
INC-10169,Vertex Technologies,Technology,P3,P3,False,,2026-08-12 10:08:00,2026-08-12 10:25:00,2026-08-12 17:21:48,2026-08-13 02:46:04.151924,8,8.69,Wireless AP,Charlotte,Engineer-02,Day,Escalated,Low,False,Not Required,False,Network performance degradation,KPI Calculation Error
INC-10170,Northstar Health,Healthcare,P4,P4,False,,2026-08-13 16:18:00,2026-08-13 16:43:00,2026-08-13 22:58:12,2026-08-14 17:36:48.708055,8,6.67,Catalyst 9300,Dallas,Engineer-02,Day,Pending Customer,Low,False,Not Required,False,Wireless connectivity issue,Normal
INC-10171,Meridian Public Services,Public Sector,P3,P3,False,,2026-08-21 20:43:00,2026-08-21 21:08:00,2026-08-22 00:58:00,2026-08-22 18:02:10.362997,8,4.25,ISR Router,Denver,Engineer-05,Day,Resolved,Medium,False,Not Required,False,Wireless connectivity issue,Normal
INC-10172,Apex Financial,BFSI,P3,P3,False,,2026-08-24 05:07:00,2026-08-24 05:12:00,2026-08-24 11:46:00,2026-08-25 04:54:04.167809,8,6.65,Catalyst 9500,Denver,Engineer-07,Day,Escalated,Low,False,Not Required,False,Hardware failure reported,Normal
INC-10173,BluePeak Telecom,Telecommunications,P3,P3,False,,2026-08-17 02:16:00,2026-08-17 02:43:00,2026-08-17 09:55:36,2026-08-18 01:21:35.718564,8,7.66,Catalyst 9500,Boston,Engineer-03,Night,Closed,Low,False,Not Required,False,Switch rebooting unexpectedly,Normal
INC-10174,Apex Financial,BFSI,P4,P4,False,,2026-08-04 07:47:00,2026-08-04 08:08:00,2026-08-04 11:47:36,2026-08-05 08:32:35.449955,8,4.01,Wireless AP,Dallas,Engineer-03,Night,Investigating,Low,True,Requested,False,Device unreachable,Normal
INC-10175,Orion Manufacturing,Manufacturing,P3,P3,False,,2026-08-09 02:36:00,2026-08-09 02:52:00,2026-08-09 07:03:00,2026-08-09 23:32:11.369344,8,4.45,Catalyst 9500,Atlanta,Engineer-01,Night,Investigating,Medium,True,Approved,False,Packet loss reported,Normal
INC-10176,Apex Financial,BFSI,P3,P1,True,2026-08-10 19:02:00,2026-08-10 18:50:00,2026-08-10 19:12:00,2026-08-10 21:40:24,2026-08-11 20:49:33.821298,4,2.64,Wireless AP,Denver,Engineer-08,Night,Pending Customer,Low,False,Not Required,False,Packet loss reported,Normal
INC-10177,Vertex Technologies,Technology,P3,P3,False,,2026-08-01 10:00:00,2026-08-01 10:26:00,2026-08-01 15:24:36,2026-08-02 09:23:09.244264,8,5.41,Catalyst 9500,Austin,Engineer-07,Day,Investigating,High,False,Not Required,False,Configuration issue suspected,Normal
INC-10178,Vertex Technologies,Technology,P1,P1,False,,2026-08-08 16:26:00,2026-08-08 16:36:00,2026-08-08 19:14:00,2026-08-09 13:26:06.070224,4,2.8,Wireless AP,Minneapolis,Engineer-01,Day,Closed,Low,False,Not Required,False,Device unreachable,Normal
INC-10179,Orion Manufacturing,Manufacturing,P3,P3,False,,2026-08-11 12:44:00,2026-08-11 13:12:00,2026-08-11 17:57:12,2026-08-12 05:22:00.350172,8,5.22,Catalyst 9300,Dallas,Engineer-10,Day,Escalated,Medium,False,Not Required,False,Network performance degradation,Normal
INC-10180,Meridian Public Services,Public Sector,P3,P2,True,2026-08-31 06:41:00,2026-08-31 06:28:00,2026-08-31 06:45:00,2026-08-31 08:50:36,2026-09-01 04:12:05.023708,4,2.16,Firewall,Denver,Engineer-03,Day,Investigating,Critical,False,Not Required,False,Interface flapping,Normal
INC-10181,Apex Financial,BFSI,P3,P2,True,2026-08-09 07:18:00,2026-08-09 05:01:00,2026-08-09 05:14:00,2026-08-09 09:44:24,2026-08-09 19:05:01.181007,4,2.44,Catalyst 9500,Boston,Engineer-03,Day,Closed,High,False,Not Required,False,Wireless connectivity issue,Normal
INC-10182,Apex Financial,BFSI,P3,P3,False,,2026-08-27 02:01:00,2026-08-27 02:08:00,2026-08-27 06:45:24,2026-08-27 22:36:51.714955,8,4.74,Catalyst 9300,Phoenix,Engineer-03,Day,Escalated,Low,False,Not Required,True,Packet loss reported,Normal
INC-10183,Summit Retail,Retail,P4,P4,False,,2026-08-01 12:43:00,2026-08-01 13:01:00,2026-08-01 17:22:00,2026-08-01 23:18:18.493574,8,4.65,Catalyst 9300,Austin,Engineer-08,Day,Investigating,Critical,False,Not Required,False,Hardware failure reported,Normal
INC-10184,Meridian Public Services,Public Sector,P3,P3,False,,2026-08-02 02:17:00,2026-08-02 02:34:00,2026-08-02 06:47:36,2026-08-02 12:22:51.106392,8,4.51,Catalyst 9300,Dallas,Engineer-10,Day,Closed,Critical,False,Not Required,False,Device unreachable,Normal
INC-10185,Apex Financial,BFSI,P3,P3,False,,2026-08-11 19:14:00,2026-08-11 19:19:00,2026-08-12 02:35:36,2026-08-12 21:29:58.969694,8,7.36,Wireless AP,Boston,Engineer-08,Night,Pending Customer,High,True,Delivered,False,Hardware failure reported,Normal
INC-10186,Vertex Technologies,Technology,P4,P4,False,,2026-08-19 12:22:00,2026-08-19 12:32:00,2026-08-19 17:01:36,2026-08-20 07:39:16.615360,8,4.66,Catalyst 9500,Denver,Engineer-04,Day,Pending Customer,Low,False,Not Required,False,Configuration issue suspected,Normal
INC-10187,Apex Financial,BFSI,P3,P3,False,,2026-08-02 02:03:00,2026-08-02 02:15:00,2026-08-02 08:18:36,2026-08-02 09:46:06.037563,8,6.26,ISR Router,Dallas,Engineer-10,Day,Resolved,Critical,False,Not Required,False,Wireless connectivity issue,Normal
INC-10188,Vertex Technologies,Technology,P3,P3,False,,2026-08-25 03:54:00,2026-08-25 04:15:00,2026-08-25 11:07:48,2026-08-26 10:13:22.264523,8,7.23,Catalyst 9500,Boston,Engineer-03,Night,Open,Medium,False,Not Required,False,Intermittent connectivity reported by customer,Normal
INC-10189,Orion Manufacturing,Manufacturing,P4,P4,False,,2026-08-21 15:41:00,2026-08-21 15:56:00,2026-08-21 20:20:00,2026-08-22 19:36:51.911816,8,4.65,Firewall,Denver,Engineer-06,Night,Pending Customer,Medium,False,Not Required,False,Network latency observed at site,Normal
INC-10190,Summit Retail,Retail,P2,P2,False,,2026-08-24 00:44:00,2026-08-24 00:55:00,2026-08-24 04:13:24,2026-08-24 22:57:08.756505,4,3.49,Catalyst 9500,Dallas,Engineer-03,Night,Pending Customer,High,False,Not Required,False,Unexpected device restart,Normal
INC-10191,Summit Retail,Retail,P4,P4,False,,2026-08-11 05:40:00,2026-08-11 05:47:00,2026-08-11 12:44:48,2026-08-12 05:09:26.034488,8,7.08,Firewall,Phoenix,Engineer-10,Day,Escalated,High,False,Not Required,False,Network latency observed at site,Normal
INC-10192,Apex Financial,BFSI,P4,P2,True,2026-08-24 15:38:00,2026-08-24 13:10:00,2026-08-24 13:21:00,2026-08-24 18:14:36,2026-08-25 01:24:34.778824,4,2.61,ISR Router,Phoenix,Engineer-04,Day,Pending Customer,Low,False,Not Required,False,Device unreachable,Normal
INC-10193,Vertex Technologies,Technology,P3,P2,True,2026-08-06 15:40:00,2026-08-06 12:10:00,2026-08-06 12:16:00,2026-08-06 18:15:24,2026-08-07 14:25:04.861092,4,2.59,Catalyst 9500,Minneapolis,Engineer-02,Day,Pending Customer,High,False,Not Required,False,Intermittent connectivity reported by customer,Normal
INC-10194,Orion Manufacturing,Manufacturing,P3,P3,False,,2026-08-23 17:46:00,2026-08-23 18:14:00,2026-08-23 23:47:48,2026-08-24 15:59:25.505517,8,6.03,Catalyst 9500,Dallas,Engineer-07,Day,Open,High,False,Not Required,True,Switch rebooting unexpectedly,Normal
INC-10195,Orion Manufacturing,Manufacturing,P3,P3,False,,2026-08-22 20:38:00,2026-08-22 20:58:00,2026-08-23 01:23:00,2026-08-23 02:58:30.915358,8,4.75,Firewall,Seattle,Engineer-08,Day,Open,Low,False,Not Required,False,Packet loss reported,Normal
INC-10196,Northstar Health,Healthcare,P2,P2,False,,2026-08-18 12:11:00,2026-08-18 12:21:00,2026-08-18 15:44:00,2026-08-19 01:13:46.457856,4,3.55,Wireless AP,Denver,Engineer-05,Night,Escalated,High,False,Not Required,False,Interface flapping,Normal
INC-10197,Pioneer Energy,Energy,P2,P2,False,,2026-08-12 17:26:00,2026-08-12 17:34:00,2026-08-12 20:24:12,2026-08-13 16:44:30.005380,4,2.97,ISR Router,Phoenix,Engineer-05,Day,Investigating,Low,False,Not Required,False,Customer unable to access network services,Normal
INC-10198,Pioneer Energy,Energy,P3,P3,False,,2026-08-26 18:43:00,2026-08-26 19:07:00,2026-08-26 23:16:00,2026-08-27 22:05:58.298802,8,4.55,Firewall,Phoenix,Engineer-08,Night,Open,Low,False,Not Required,False,High CPU utilization observed,Normal
INC-10199,Meridian Public Services,Public Sector,P3,P3,False,,2026-08-05 19:16:00,2026-08-05 19:31:00,2026-08-06 02:41:12,2026-08-07 00:42:45.601975,8,7.42,Catalyst 9500,Phoenix,Engineer-03,Day,Escalated,Critical,True,Delivered,False,Switch rebooting unexpectedly,Normal
INC-10200,Summit Retail,Retail,P2,P2,False,,2026-08-05 04:36:00,2026-08-05 04:42:00,2026-08-05 08:13:12,2026-08-05 22:09:42.215285,4,3.62,ISR Router,Seattle,Engineer-08,Day,Closed,Critical,True,Shipped,False,Hardware failure reported,Normal
INC-10201,Summit Retail,Retail,P1,P1,False,,2026-08-09 12:09:00,2026-08-09 12:20:00,2026-08-09 14:13:12,2026-08-10 11:40:48.744912,4,2.07,Wireless AP,Chicago,Engineer-07,Night,Resolved,Critical,False,Not Required,False,Hardware failure reported,Normal
INC-10202,Pioneer Energy,Energy,P4,P4,False,,2026-08-22 03:55:00,2026-08-22 04:07:00,2026-08-22 08:25:00,2026-08-23 07:49:25.368357,8,4.5,ISR Router,Boston,Engineer-01,Night,Pending Customer,High,False,Not Required,False,Device unreachable,Normal
INC-10203,BluePeak Telecom,Telecommunications,P4,P4,False,,2026-08-28 11:52:00,2026-08-28 11:58:00,2026-08-28 17:47:48,2026-08-28 22:27:10.918251,8,5.93,Wireless AP,Dallas,Engineer-02,Day,Escalated,Critical,False,Not Required,False,Wireless connectivity issue,Normal
INC-10204,Meridian Public Services,Public Sector,P4,P4,False,,2026-08-15 01:58:00,2026-08-15 02:14:00,2026-08-15 08:36:24,2026-08-15 15:54:29.336874,8,6.64,Firewall,Dallas,Engineer-01,Day,Investigating,Medium,False,Not Required,False,High interface error rate detected,Normal
INC-10205,Northstar Health,Healthcare,P4,P4,False,,2026-08-18 11:22:00,2026-08-18 11:32:00,2026-08-18 18:30:24,2026-08-19 01:27:21.041969,8,7.14,Catalyst 9300,Phoenix,Engineer-06,Night,Resolved,Medium,False,Not Required,True,Interface flapping,Normal
INC-10206,Apex Financial,BFSI,P4,P4,False,,2026-08-14 16:01:00,2026-08-14 16:27:00,2026-08-14 20:02:48,2026-08-15 18:00:41.478271,8,4.03,Wireless AP,Austin,Engineer-03,Day,Investigating,Medium,False,Not Required,False,Network performance degradation,Normal
INC-10207,Apex Financial,BFSI,P3,P3,False,,2026-08-12 14:16:00,2026-08-12 14:27:00,2026-08-12 20:01:00,2026-08-13 12:35:31.841749,8,5.75,Catalyst 9500,Chicago,Engineer-10,Night,Closed,High,False,Not Required,False,Unexpected device restart,Normal
INC-10208,Northstar Health,Healthcare,P3,P3,False,,2026-08-09 20:20:00,2026-08-09 20:33:00,2026-08-10 01:18:48,2026-08-10 18:40:06.564617,8,4.98,Catalyst 9300,Seattle,Engineer-06,Night,Pending Customer,Low,False,Not Required,False,Network performance degradation,Normal
INC-10209,Meridian Public Services,Public Sector,P4,P4,False,,2026-08-10 08:58:00,2026-08-10 09:16:00,2026-08-10 14:29:12,2026-08-11 08:25:53.417528,8,5.52,Firewall,Phoenix,Engineer-01,Night,Closed,Medium,False,Not Required,False,Packet loss reported,Normal
INC-10210,Vertex Technologies,Technology,P4,P4,False,,2026-08-29 17:11:00,2026-08-29 17:25:00,2026-08-29 21:33:12,2026-08-30 01:29:45.774767,8,4.37,ISR Router,Phoenix,Engineer-09,Night,Closed,High,False,Not Required,False,Packet loss reported,Normal
INC-10211,Meridian Public Services,Public Sector,P3,P3,False,,2026-08-12 08:37:00,2026-08-12 08:51:00,2026-08-12 14:21:24,2026-08-12 18:03:56.305819,8,5.74,ISR Router,Denver,Engineer-04,Night,Investigating,High,True,Shipment Delayed,False,Unexpected device restart,Normal
INC-10212,Northstar Health,Healthcare,P3,P3,False,,2026-08-05 04:12:00,2026-08-05 04:27:00,2026-08-05 09:43:48,2026-08-05 23:49:34.617084,8,5.53,Wireless AP,Phoenix,Engineer-09,Day,Closed,High,False,Not Required,False,High CPU utilization observed,Normal
INC-10213,Summit Retail,Retail,P3,P2,True,2026-08-07 08:01:00,2026-08-07 05:36:00,2026-08-07 05:42:00,2026-08-07 10:14:48,2026-08-07 18:48:19.305103,4,2.23,Catalyst 9500,Denver,Engineer-08,Night,Closed,High,False,Not Required,False,Network latency observed at site,Normal
INC-10214,Pioneer Energy,Energy,P4,P4,False,,2026-08-17 06:01:00,2026-08-17 06:27:00,2026-08-17 10:02:12,2026-08-18 03:54:34.348348,8,4.02,Wireless AP,Austin,Engineer-01,Day,Closed,Low,False,Not Required,False,Packet loss reported,Normal
INC-10215,BluePeak Telecom,Telecommunications,P3,P3,False,,2026-08-24 16:38:00,2026-08-24 16:59:00,2026-08-24 21:54:12,2026-08-25 19:19:36.250830,8,5.27,Catalyst 9500,Denver,Engineer-07,Night,Investigating,Low,False,Not Required,False,Switch rebooting unexpectedly,Normal
INC-10216,Pioneer Energy,Energy,P4,P1,True,2026-08-19 16:16:00,2026-08-19 16:10:00,2026-08-19 16:25:00,2026-08-19 19:47:48,2026-08-20 02:34:47.343601,4,3.53,ISR Router,Phoenix,Engineer-03,Night,Open,Medium,False,Not Required,True,Wireless connectivity issue,Normal
INC-10217,Apex Financial,BFSI,P2,P2,False,,2026-08-09 15:44:00,2026-08-09 15:51:00,2026-08-09 18:05:36,2026-08-10 10:51:55.274364,4,2.36,Catalyst 9300,Austin,Engineer-01,Day,Escalated,Critical,True,Delivered,False,Interface flapping,Normal
INC-10218,BluePeak Telecom,Telecommunications,P3,P3,False,,2026-08-16 06:38:00,2026-08-16 06:49:00,2026-08-16 13:33:12,2026-08-17 09:40:40.102338,8,6.92,Firewall,Dallas,Engineer-03,Night,Open,Low,False,Not Required,False,Configuration issue suspected,Normal
INC-10219,Orion Manufacturing,Manufacturing,P3,P1,True,2026-08-30 04:13:00,2026-08-30 03:53:00,2026-08-30 04:18:00,2026-08-30 07:52:36,2026-08-31 02:28:20.771230,4,3.66,ISR Router,Atlanta,Engineer-01,Night,Investigating,Critical,True,Shipment Delayed,True,Unexpected device restart,Normal
INC-10220,BluePeak Telecom,Telecommunications,P4,P4,False,,2026-08-28 09:23:00,2026-08-28 09:49:00,2026-08-28 14:33:12,2026-08-29 08:32:23.128212,8,5.17,Catalyst 9500,Minneapolis,Engineer-05,Night,Escalated,Low,True,Requested,True,Intermittent connectivity reported by customer,Normal
INC-10221,Meridian Public Services,Public Sector,P3,P3,False,,2026-08-04 12:25:00,2026-08-04 12:44:00,2026-08-04 17:26:12,2026-08-05 03:18:29.242552,8,5.02,Catalyst 9500,Boston,Engineer-06,Night,Resolved,Low,False,Not Required,False,Device unreachable,Normal
INC-10222,Meridian Public Services,Public Sector,P4,P4,False,,2026-08-06 19:24:00,2026-08-06 19:40:00,2026-08-07 01:41:24,2026-08-07 22:31:45.274131,8,6.29,Catalyst 9300,Atlanta,Engineer-01,Day,Open,Critical,False,Not Required,False,High CPU utilization observed,Normal
INC-10223,Meridian Public Services,Public Sector,P3,P3,False,,2026-08-23 21:33:00,2026-08-23 22:01:00,2026-08-24 03:42:36,2026-08-24 17:42:19.012287,8,6.16,Wireless AP,Minneapolis,Engineer-02,Night,Escalated,Low,False,Not Required,False,Intermittent connectivity reported by customer,Normal
INC-10224,Summit Retail,Retail,P3,P3,False,,2026-08-21 12:09:00,2026-08-21 12:31:00,2026-08-21 19:30:00,2026-08-22 10:35:49.280135,8,7.35,Firewall,Seattle,Engineer-10,Day,Escalated,Medium,True,Approved,False,Network performance degradation,Normal
INC-10225,Pioneer Energy,Energy,P4,P1,True,2026-08-18 20:36:00,2026-08-18 20:24:00,2026-08-18 20:40:00,2026-08-18 23:24:00,2026-08-19 18:37:44.434624,4,2.8,Wireless AP,Atlanta,Engineer-02,Night,Pending Customer,High,False,Not Required,False,Wireless connectivity issue,Normal
INC-10226,Pioneer Energy,Energy,P1,P1,False,,2026-08-18 00:52:00,2026-08-18 00:58:00,2026-08-18 04:15:24,2026-08-19 03:24:34.579358,4,3.39,ISR Router,Denver,Engineer-08,Day,Open,Critical,False,Not Required,False,High CPU utilization observed,Normal
INC-10227,Vertex Technologies,Technology,P3,P3,False,,2026-08-20 15:45:00,2026-08-20 16:11:00,2026-08-20 21:06:36,2026-08-21 08:31:05.687371,8,5.36,Wireless AP,Boston,Engineer-06,Day,Investigating,Critical,True,Shipment Delayed,False,High interface error rate detected,Normal
INC-10228,Summit Retail,Retail,P4,P4,False,,2026-08-27 22:47:00,2026-08-27 23:15:00,2026-08-28 04:18:48,2026-08-28 11:09:43.154972,8,5.53,ISR Router,Chicago,Engineer-09,Night,Closed,Low,False,Not Required,False,Switch rebooting unexpectedly,Normal
INC-10229,Orion Manufacturing,Manufacturing,P1,P1,False,,2026-08-21 21:37:00,2026-08-21 21:43:00,2026-08-22 00:58:00,2026-08-22 12:19:41.780628,4,3.35,Catalyst 9500,Minneapolis,Engineer-04,Night,Open,Critical,False,Not Required,False,Customer unable to access network services,Normal
INC-10230,Meridian Public Services,Public Sector,P4,P4,False,,2026-08-30 05:44:00,2026-08-30 06:07:00,2026-08-30 10:23:00,2026-08-31 06:08:02.215959,8,4.65,Wireless AP,Austin,Engineer-09,Day,Resolved,Critical,True,Shipment Delayed,False,High CPU utilization observed,Normal
INC-10231,Summit Retail,Retail,P4,P4,False,,2026-08-05 04:26:00,2026-08-05 04:50:00,2026-08-05 11:03:48,2026-08-06 05:16:37.744495,8,6.63,Firewall,Charlotte,Engineer-07,Day,Pending Customer,High,False,Not Required,False,High CPU utilization observed,Normal
INC-10232,Summit Retail,Retail,P4,P4,False,,2026-08-05 22:41:00,2026-08-05 22:51:00,2026-08-06 04:34:24,2026-08-06 21:32:33.031425,8,5.89,Firewall,Phoenix,Engineer-04,Day,Resolved,High,False,Not Required,True,Unexpected device restart,Normal
INC-10233,Summit Retail,Retail,P4,P4,False,,2026-08-01 16:06:00,2026-08-01 16:11:00,2026-08-01 21:31:48,2026-08-01 23:45:01.781959,8,5.43,Firewall,Minneapolis,Engineer-10,Night,Closed,High,True,Shipped,False,Unexpected device restart,Normal
INC-10234,Meridian Public Services,Public Sector,P3,P3,False,,2026-08-12 14:06:00,2026-08-12 14:30:00,2026-08-12 21:21:36,2026-08-13 15:22:05.977358,8,7.26,ISR Router,Chicago,Engineer-03,Day,Closed,High,False,Not Required,False,Customer unable to access network services,Normal
INC-10235,Orion Manufacturing,Manufacturing,P4,P4,False,,2026-08-11 17:03:00,2026-08-11 17:08:00,2026-08-11 23:50:24,2026-08-12 05:30:39.622042,8,6.79,Catalyst 9500,Seattle,Engineer-05,Day,Escalated,Critical,False,Not Required,False,High CPU utilization observed,Normal
INC-10236,Pioneer Energy,Energy,P3,P3,False,,2026-08-03 05:11:00,2026-08-03 05:39:00,2026-08-03 11:06:48,2026-08-03 20:47:20.013200,8,5.93,Catalyst 9500,Boston,Engineer-10,Day,Closed,High,False,Not Required,False,Wireless connectivity issue,Normal
INC-10237,Meridian Public Services,Public Sector,P1,P1,False,,2026-08-30 10:38:00,2026-08-30 10:43:00,2026-08-30 13:59:00,2026-08-31 05:22:00.359660,4,3.35,Catalyst 9500,Dallas,Engineer-05,Day,Pending Customer,Medium,False,Not Required,False,Interface flapping,Normal
INC-10238,Summit Retail,Retail,P4,P4,False,,2026-08-18 17:25:00,2026-08-18 17:32:00,2026-08-18 22:43:36,2026-08-19 20:02:41.249978,8,5.31,Catalyst 9300,Boston,Engineer-09,Day,Investigating,Low,False,Not Required,False,Configuration issue suspected,Normal
INC-10239,BluePeak Telecom,Telecommunications,P2,P2,False,,2026-08-12 14:15:00,2026-08-12 14:23:00,2026-08-12 17:55:48,2026-08-13 10:37:43.252672,4,3.68,Catalyst 9500,Dallas,Engineer-09,Night,Resolved,Low,False,Not Required,False,High interface error rate detected,Normal
INC-10240,Northstar Health,Healthcare,P3,P3,False,,2026-08-16 01:18:00,2026-08-16 01:43:00,2026-08-16 06:01:12,2026-08-16 18:50:22.481171,8,4.72,Wireless AP,Chicago,Engineer-09,Night,Open,High,False,Not Required,False,Configuration issue suspected,Normal
INC-10241,Apex Financial,BFSI,P3,P3,False,,2026-08-24 21:09:00,2026-08-24 21:14:00,2026-08-25 02:52:12,2026-08-25 11:29:58.033089,8,5.72,Catalyst 9300,Phoenix,Engineer-04,Night,Open,Critical,True,Requested,False,Wireless connectivity issue,Normal
INC-10242,BluePeak Telecom,Telecommunications,P3,P3,False,,2026-08-11 00:24:00,2026-08-11 00:50:00,2026-08-11 04:50:24,2026-08-11 05:58:32.431194,8,4.44,Firewall,Denver,Engineer-10,Day,Pending Customer,Critical,False,Not Required,True,High CPU utilization observed,Normal
INC-10243,Apex Financial,BFSI,P3,P3,False,,2026-08-30 14:24:00,2026-08-30 14:41:00,2026-08-30 21:28:48,2026-08-30 23:11:19.825732,8,7.08,Catalyst 9300,Boston,Engineer-09,Day,Pending Customer,High,False,Not Required,False,Customer unable to access network services,Normal
INC-10244,Orion Manufacturing,Manufacturing,P4,P1,True,2026-08-04 01:17:00,2026-08-04 01:00:00,2026-08-04 01:28:00,2026-08-04 04:14:36,2026-08-04 06:55:04.503739,4,2.96,Firewall,Chicago,Engineer-03,Night,Closed,High,False,Not Required,False,Customer unable to access network services,Normal
INC-10245,Summit Retail,Retail,P3,P3,False,,2026-08-04 05:42:00,2026-08-04 06:05:00,2026-08-04 12:54:00,2026-08-05 09:28:54.903417,8,7.2,Catalyst 9500,Charlotte,Engineer-09,Day,Investigating,Medium,False,Not Required,False,Network latency observed at site,Normal
INC-10246,Pioneer Energy,Energy,P4,P4,False,,2026-08-11 11:08:00,2026-08-11 11:34:00,2026-08-11 17:35:36,2026-08-11 20:53:39.730742,8,6.46,Firewall,Denver,Engineer-05,Day,Pending Customer,Medium,False,Not Required,False,Switch rebooting unexpectedly,Normal
INC-10247,Summit Retail,Retail,P3,P3,False,,2026-08-11 13:10:00,2026-08-11 13:15:00,2026-08-11 18:20:12,2026-08-12 13:24:24.657279,8,5.17,Wireless AP,Minneapolis,Engineer-06,Night,Closed,Medium,False,Not Required,False,Hardware failure reported,Normal
INC-10248,BluePeak Telecom,Telecommunications,P4,P4,False,,2026-08-04 05:41:00,2026-08-04 06:05:00,2026-08-04 09:59:36,2026-08-04 17:26:50.999802,8,4.31,ISR Router,Atlanta,Engineer-06,Night,Escalated,High,False,Not Required,False,Interface flapping,Normal
INC-10249,Vertex Technologies,Technology,P4,P4,False,,2026-08-25 18:13:00,2026-08-25 18:19:00,2026-08-26 00:17:12,2026-08-26 13:47:11.260020,8,6.07,ISR Router,Denver,Engineer-02,Day,Resolved,Low,False,Not Required,False,Network performance degradation,Normal
INC-10250,Meridian Public Services,Public Sector,P3,P3,False,,2026-08-22 07:54:00,2026-08-22 08:18:00,2026-08-22 14:28:12,2026-08-23 08:53:08.662701,8,6.57,ISR Router,Charlotte,Engineer-04,Night,Investigating,Low,True,Approved,False,Interface flapping,Normal
INC-10251,Meridian Public Services,Public Sector,P3,P3,False,,2026-08-22 06:33:00,2026-08-22 06:49:00,2026-08-22 12:00:36,2026-08-23 10:07:18.280966,8,5.46,Wireless AP,Boston,Engineer-01,Day,Escalated,Low,False,Not Required,True,Wireless connectivity issue,Normal
INC-10252,Summit Retail,Retail,P3,P3,False,,2026-08-19 20:57:00,2026-08-19 21:04:00,2026-08-20 02:53:24,2026-08-20 12:32:44.023070,8,5.94,Catalyst 9300,Seattle,Engineer-05,Night,Resolved,Medium,False,Not Required,False,Configuration issue suspected,Normal
INC-10253,Summit Retail,Retail,P2,P2,False,,2026-08-03 16:41:00,2026-08-03 16:50:00,2026-08-03 19:03:12,2026-08-04 00:21:07.789957,4,2.37,ISR Router,Minneapolis,Engineer-08,Day,Resolved,Critical,False,Not Required,False,Network latency observed at site,Normal
INC-10254,Northstar Health,Healthcare,P3,P3,False,,2026-08-21 13:01:00,2026-08-21 13:13:00,2026-08-21 17:10:36,2026-08-22 07:22:00.683140,8,4.16,Catalyst 9500,Charlotte,Engineer-06,Day,Escalated,Critical,False,Not Required,False,Network performance degradation,Normal
INC-10255,Apex Financial,BFSI,P3,P3,False,,2026-08-01 23:46:00,2026-08-02 00:12:00,2026-08-02 06:50:48,2026-08-03 05:38:00.620322,8,7.08,Firewall,Atlanta,Engineer-01,Day,Pending Customer,Critical,False,Not Required,False,Network latency observed at site,Normal
INC-10256,Pioneer Energy,Energy,P3,P3,False,,2026-08-06 23:43:00,2026-08-06 23:58:00,2026-08-07 07:10:36,2026-08-07 21:53:48.962415,8,7.46,Wireless AP,Atlanta,Engineer-04,Night,Resolved,Medium,True,Delivered,False,Network latency observed at site,Normal
INC-10257,Northstar Health,Healthcare,P2,P2,False,,2026-08-29 19:38:00,2026-08-29 19:43:00,2026-08-29 23:10:24,2026-08-30 12:23:46.399874,4,3.54,Catalyst 9300,Phoenix,Engineer-09,Night,Investigating,Low,False,Not Required,True,Hardware failure reported,Normal
INC-10258,Meridian Public Services,Public Sector,P4,P4,False,,2026-08-14 07:51:00,2026-08-14 08:11:00,2026-08-14 14:48:36,2026-08-15 00:34:42.381885,8,6.96,Firewall,Seattle,Engineer-01,Night,Resolved,High,False,Not Required,False,High CPU utilization observed,Normal
INC-10259,Northstar Health,Healthcare,P3,P3,False,,2026-08-14 08:12:00,2026-08-14 08:17:00,2026-08-14 14:51:36,2026-08-15 10:01:00.181535,8,6.66,Wireless AP,Atlanta,Engineer-05,Night,Investigating,Low,False,Not Required,True,High interface error rate detected,Normal
INC-10260,Apex Financial,BFSI,P3,P3,False,,2026-08-09 17:27:00,2026-08-09 17:50:00,2026-08-09 22:49:12,2026-08-10 06:09:28.412950,8,5.37,Wireless AP,Phoenix,Engineer-06,Night,Pending Customer,Medium,False,Not Required,False,Switch rebooting unexpectedly,Normal
INC-10261,Orion Manufacturing,Manufacturing,P3,P3,False,,2026-08-12 22:25:00,2026-08-12 22:53:00,2026-08-13 02:56:12,2026-08-13 23:48:17.167604,8,4.52,Firewall,Seattle,Engineer-08,Day,Pending Customer,Critical,True,Approved,False,Configuration issue suspected,Normal
INC-10262,Meridian Public Services,Public Sector,P2,P2,False,,2026-08-31 20:00:00,2026-08-31 20:06:00,2026-08-31 23:26:24,2026-09-01 11:17:18.165055,4,3.44,Catalyst 9300,Phoenix,Engineer-09,Night,Pending Customer,Low,False,Not Required,True,Customer unable to access network services,Normal
INC-10263,BluePeak Telecom,Telecommunications,P3,P3,False,,2026-08-23 19:03:00,2026-08-23 19:13:00,2026-08-24 01:27:00,2026-08-24 12:32:46.885619,8,6.4,Catalyst 9500,Boston,Engineer-02,Day,Closed,Critical,False,Not Required,False,High CPU utilization observed,Normal
INC-10264,BluePeak Telecom,Telecommunications,P3,P3,False,,2026-08-06 02:17:00,2026-08-06 02:34:00,2026-08-06 07:36:12,2026-08-06 17:41:29.850092,8,5.32,Catalyst 9500,Austin,Engineer-10,Day,Resolved,Low,False,Not Required,False,Network latency observed at site,Normal
INC-10265,Northstar Health,Healthcare,P3,P3,False,,2026-08-15 12:36:00,2026-08-15 12:41:00,2026-08-15 17:34:48,2026-08-16 03:56:38.747042,8,4.98,Catalyst 9300,Seattle,Engineer-05,Night,Pending Customer,High,True,Requested,False,High interface error rate detected,Normal
INC-10266,Summit Retail,Retail,P3,P3,False,,2026-08-25 10:49:00,2026-08-25 11:08:00,2026-08-25 17:22:36,2026-08-26 14:59:48.172523,8,6.56,Catalyst 9300,Seattle,Engineer-05,Night,Closed,Critical,False,Not Required,False,Interface flapping,Normal
INC-10267,BluePeak Telecom,Telecommunications,P3,P2,True,2026-08-08 09:20:00,2026-08-08 09:05:00,2026-08-08 09:24:00,2026-08-08 12:18:12,2026-08-08 17:09:30.619872,4,2.97,Catalyst 9300,Charlotte,Engineer-04,Day,Pending Customer,High,False,Not Required,False,High CPU utilization observed,Normal
INC-10268,BluePeak Telecom,Telecommunications,P4,P4,False,,2026-08-07 07:53:00,2026-08-07 08:17:00,2026-08-07 13:13:24,2026-08-08 08:08:20.106187,8,5.34,Catalyst 9500,Phoenix,Engineer-08,Day,Investigating,Medium,True,Requested,False,Unexpected device restart,Normal
INC-10269,Pioneer Energy,Energy,P3,P3,False,,2026-08-29 18:55:00,2026-08-29 19:08:00,2026-08-30 00:45:24,2026-08-31 00:23:51.879726,8,5.84,Firewall,Austin,Engineer-09,Day,Escalated,High,False,Not Required,False,Packet loss reported,Normal
INC-10270,Vertex Technologies,Technology,P3,P3,False,,2026-08-22 05:29:00,2026-08-22 05:37:00,2026-08-22 12:06:12,2026-08-22 23:41:05.844856,8,6.62,Firewall,Atlanta,Engineer-01,Night,Escalated,Low,False,Not Required,True,Configuration issue suspected,Normal
INC-10271,Vertex Technologies,Technology,P2,P2,False,,2026-08-09 07:17:00,2026-08-09 07:29:00,2026-08-09 10:57:48,2026-08-09 19:51:16.386900,4,3.68,Wireless AP,Dallas,Engineer-02,Night,Pending Customer,High,False,Not Required,False,Hardware failure reported,Normal
INC-10272,Orion Manufacturing,Manufacturing,P4,P4,False,,2026-08-27 03:46:00,2026-08-27 03:59:00,2026-08-27 10:47:12,2026-08-28 00:33:34.155926,8,7.02,ISR Router,Boston,Engineer-07,Night,Escalated,Medium,False,Not Required,False,Network latency observed at site,Normal
INC-10273,Meridian Public Services,Public Sector,P4,P4,False,,2026-08-18 18:03:00,2026-08-18 18:20:00,2026-08-18 22:25:12,2026-08-19 03:10:36.707688,8,4.37,Wireless AP,Austin,Engineer-03,Night,Escalated,High,False,Not Required,False,Network latency observed at site,Normal
INC-10274,Northstar Health,Healthcare,P3,P3,False,,2026-08-12 21:38:00,2026-08-12 21:49:00,2026-08-13 03:47:36,2026-08-13 19:44:24.862002,8,6.16,Wireless AP,Boston,Engineer-05,Night,Pending Customer,High,False,Not Required,False,Configuration issue suspected,Normal
INC-10275,BluePeak Telecom,Telecommunications,P3,P3,False,,2026-08-21 04:55:00,2026-08-21 05:05:00,2026-08-21 11:19:00,2026-08-22 09:40:25.320025,8,6.4,ISR Router,Boston,Engineer-09,Night,Closed,Low,False,Not Required,False,Interface flapping,Normal
INC-10276,Orion Manufacturing,Manufacturing,P4,P4,False,,2026-08-20 20:25:00,2026-08-20 20:38:00,2026-08-21 03:44:48,2026-08-21 22:42:32.650257,8,7.33,Catalyst 9300,Denver,Engineer-03,Night,Investigating,High,False,Not Required,False,Packet loss reported,Normal
INC-10277,Pioneer Energy,Energy,P4,P4,False,,2026-08-23 23:05:00,2026-08-23 23:16:00,2026-08-24 03:42:48,2026-08-24 07:04:57.171204,8,4.63,Wireless AP,Atlanta,Engineer-03,Day,Investigating,Medium,True,Delivered,False,Unexpected device restart,Normal
INC-10278,Apex Financial,BFSI,P2,P2,False,,2026-08-30 12:19:00,2026-08-30 12:27:00,2026-08-30 14:44:48,2026-08-30 22:16:57.713189,4,2.43,Wireless AP,Seattle,Engineer-02,Day,Pending Customer,Medium,False,Not Required,False,Hardware failure reported,Normal
INC-10279,Meridian Public Services,Public Sector,P3,P1,True,2026-08-19 19:47:00,2026-08-19 19:29:00,2026-08-19 19:58:00,2026-08-19 22:54:12,2026-08-20 11:52:49.326050,4,3.12,Catalyst 9300,Austin,Engineer-06,Night,Escalated,High,False,Not Required,False,Interface flapping,Normal
INC-10280,Vertex Technologies,Technology,P3,P1,True,2026-08-12 09:50:00,2026-08-12 09:30:00,2026-08-12 10:00:00,2026-08-12 12:21:12,2026-08-13 06:38:05.970045,4,2.52,Catalyst 9300,Minneapolis,Engineer-05,Night,Escalated,Medium,False,Not Required,False,Device unreachable,Normal
INC-10281,Apex Financial,BFSI,P3,P3,False,,2026-08-21 12:53:00,2026-08-21 13:10:00,2026-08-21 17:42:48,2026-08-21 20:32:06.565907,8,4.83,Firewall,Boston,Engineer-04,Night,Resolved,Critical,False,Not Required,False,High CPU utilization observed,Normal
INC-10282,BluePeak Telecom,Telecommunications,P2,P2,False,,2026-08-10 03:40:00,2026-08-10 03:52:00,2026-08-10 06:44:48,2026-08-10 14:00:20.706001,4,3.08,ISR Router,Seattle,Engineer-05,Night,Investigating,Low,False,Not Required,False,High interface error rate detected,Normal
INC-10283,Apex Financial,BFSI,P3,P3,False,,2026-08-24 00:14:00,2026-08-24 00:21:00,2026-08-24 04:48:12,2026-08-24 17:09:20.387005,8,4.57,Catalyst 9500,Austin,Engineer-09,Day,Investigating,High,False,Not Required,False,Switch rebooting unexpectedly,Normal
INC-10284,Pioneer Energy,Energy,P2,P2,False,,2026-08-25 12:04:00,2026-08-25 12:17:00,2026-08-25 14:53:12,2026-08-25 20:18:25.521854,4,2.82,ISR Router,Minneapolis,Engineer-01,Night,Open,Medium,False,Not Required,False,High interface error rate detected,Normal
INC-10285,Apex Financial,BFSI,P2,P2,False,,2026-08-24 03:33:00,2026-08-24 03:41:00,2026-08-24 06:22:48,2026-08-24 23:03:11.424101,4,2.83,Catalyst 9300,Phoenix,Engineer-07,Night,Investigating,Low,False,Not Required,False,Unexpected device restart,Normal
INC-10286,Apex Financial,BFSI,P2,P2,False,,2026-08-29 01:55:00,2026-08-29 02:03:00,2026-08-29 05:37:00,2026-08-29 12:02:37.971368,4,3.7,Firewall,Seattle,Engineer-02,Night,Escalated,High,False,Not Required,True,Network performance degradation,Normal
INC-10287,BluePeak Telecom,Telecommunications,P4,P4,False,,2026-08-25 02:15:00,2026-08-25 02:25:00,2026-08-25 08:07:12,2026-08-26 00:53:48.216503,8,5.87,Firewall,Denver,Engineer-07,Day,Open,Critical,False,Not Required,False,Intermittent connectivity reported by customer,Normal
INC-10288,Apex Financial,BFSI,P3,P3,False,,2026-08-21 11:51:00,2026-08-21 12:10:00,2026-08-21 18:36:00,2026-08-21 20:05:28.014546,8,6.75,Catalyst 9300,Boston,Engineer-03,Day,Investigating,Medium,False,Not Required,False,Interface flapping,Normal
INC-10289,BluePeak Telecom,Telecommunications,P2,P2,False,,2026-08-06 17:22:00,2026-08-06 17:32:00,2026-08-06 20:38:48,2026-08-07 03:58:44.865525,4,3.28,Catalyst 9300,Minneapolis,Engineer-08,Night,Resolved,Critical,False,Not Required,False,Unexpected device restart,Normal
INC-10290,Meridian Public Services,Public Sector,P3,P3,False,,2026-08-25 20:32:00,2026-08-25 20:49:00,2026-08-26 03:17:00,2026-08-27 00:35:26.800446,8,6.75,Catalyst 9300,Seattle,Engineer-03,Night,Pending Customer,High,False,Not Required,False,High interface error rate detected,Normal
INC-10291,Vertex Technologies,Technology,P4,P4,False,,2026-08-10 10:26:00,2026-08-10 10:51:00,2026-08-10 15:38:36,2026-08-10 18:51:26.021413,8,5.21,ISR Router,Denver,Engineer-09,Night,Investigating,Critical,False,Not Required,True,Configuration issue suspected,Normal
INC-10292,Meridian Public Services,Public Sector,P1,P1,False,,2026-08-21 12:42:00,2026-08-21 12:54:00,2026-08-21 15:37:12,2026-08-22 08:45:00.800986,4,2.92,Catalyst 9500,Austin,Engineer-04,Day,Escalated,Low,False,Not Required,False,Wireless connectivity issue,Normal
INC-10293,Northstar Health,Healthcare,P3,P3,False,,2026-08-29 13:52:00,2026-08-29 14:08:00,2026-08-29 20:50:48,2026-08-29 23:11:15.242024,8,6.98,Catalyst 9300,Phoenix,Engineer-08,Day,Escalated,Low,False,Not Required,False,Customer unable to access network services,Normal
INC-10294,Northstar Health,Healthcare,P3,P3,False,,2026-08-17 21:15:00,2026-08-17 21:38:00,2026-08-18 03:35:24,2026-08-18 08:42:16.745427,8,6.34,ISR Router,Denver,Engineer-04,Day,Open,Medium,False,Not Required,False,Unexpected device restart,Normal
INC-10295,Northstar Health,Healthcare,P3,P3,False,,2026-08-22 05:34:00,2026-08-22 05:58:00,2026-08-22 11:13:36,2026-08-22 20:19:48.433432,8,5.66,Firewall,Boston,Engineer-08,Night,Open,Medium,False,Not Required,False,Network latency observed at site,Normal
INC-10296,Summit Retail,Retail,P3,P3,False,,2026-08-24 08:23:00,2026-08-24 08:42:00,2026-08-24 14:03:48,2026-08-25 00:11:47.098508,8,5.68,ISR Router,Charlotte,Engineer-07,Night,Resolved,Medium,False,Not Required,False,Wireless connectivity issue,Normal
INC-10297,Apex Financial,BFSI,P4,P2,True,2026-08-30 17:41:00,2026-08-30 17:32:00,2026-08-30 17:45:00,2026-08-30 19:45:12,2026-08-31 04:47:00.296372,4,2.07,Firewall,Atlanta,Engineer-05,Day,Pending Customer,Medium,True,Shipped,False,Wireless connectivity issue,Normal
INC-10298,Vertex Technologies,Technology,P4,P4,False,,2026-08-26 15:11:00,2026-08-26 15:31:00,2026-08-26 22:17:00,2026-08-27 15:08:38.474367,8,7.1,Catalyst 9500,Chicago,Engineer-05,Day,Resolved,Medium,False,Not Required,False,High CPU utilization observed,Normal
INC-10299,BluePeak Telecom,Telecommunications,P3,P3,False,,2026-08-14 03:55:00,2026-08-14 04:07:00,2026-08-14 10:43:00,2026-08-15 07:15:16.792253,8,6.8,Catalyst 9300,Dallas,Engineer-07,Day,Open,High,False,Not Required,False,Customer unable to access network services,Normal
INC-10300,Orion Manufacturing,Manufacturing,P3,P3,False,,2026-08-05 01:43:00,2026-08-05 02:11:00,2026-08-05 09:27:24,2026-08-06 08:47:26.132265,8,7.74,Catalyst 9300,Chicago,Engineer-09,Day,Pending Customer,Medium,False,Not Required,False,Configuration issue suspected,Normal
INC-10301,Northstar Health,Healthcare,P2,P2,False,,2026-08-19 23:03:00,2026-08-19 23:16:00,2026-08-20 01:45:00,2026-08-20 04:42:24.540162,4,2.7,Catalyst 9500,Charlotte,Engineer-05,Night,Investigating,High,False,Not Required,False,Network latency observed at site,Normal
INC-10302,Meridian Public Services,Public Sector,P3,P3,False,,2026-08-17 07:15:00,2026-08-17 07:22:00,2026-08-17 12:15:00,2026-08-17 23:08:29.442538,8,5.0,Catalyst 9500,Minneapolis,Engineer-09,Day,Escalated,Medium,False,Not Required,False,High CPU utilization observed,Normal
INC-10303,Northstar Health,Healthcare,P3,P2,True,2026-08-06 13:58:00,2026-08-06 11:39:00,2026-08-06 11:46:00,2026-08-06 16:44:12,2026-08-07 12:40:36.853532,4,2.77,Wireless AP,Charlotte,Engineer-06,Night,Investigating,High,False,Not Required,False,Packet loss reported,Normal
INC-10304,Meridian Public Services,Public Sector,P1,P1,False,,2026-08-23 03:19:00,2026-08-23 03:31:00,2026-08-23 06:08:12,2026-08-23 14:46:11.392339,4,2.82,Catalyst 9300,Denver,Engineer-01,Day,Resolved,High,False,Not Required,False,Network latency observed at site,Normal
INC-10305,BluePeak Telecom,Telecommunications,P3,P3,False,,2026-08-17 01:16:00,2026-08-17 01:26:00,2026-08-17 05:29:48,2026-08-17 11:06:45.633520,8,4.23,Firewall,Minneapolis,Engineer-10,Day,Closed,Low,False,Not Required,False,Unexpected device restart,Normal
INC-10306,Pioneer Energy,Energy,P4,P2,True,2026-08-08 14:00:00,2026-08-08 12:32:00,2026-08-08 12:42:00,2026-08-08 16:51:00,2026-08-09 06:07:00.410629,4,2.85,Catalyst 9300,Denver,Engineer-07,Night,Closed,High,True,Approved,False,High interface error rate detected,Normal
INC-10307,Pioneer Energy,Energy,P3,P3,False,,2026-08-01 11:43:00,2026-08-01 11:59:00,2026-08-01 17:02:48,2026-08-02 01:00:00.610321,8,5.33,Firewall,Austin,Engineer-01,Day,Resolved,High,False,Not Required,False,Device unreachable,Normal
INC-10308,BluePeak Telecom,Telecommunications,P2,P2,False,,2026-08-29 12:42:00,2026-08-29 12:49:00,2026-08-29 14:51:00,2026-08-30 00:38:26.749690,4,2.15,Catalyst 9300,Chicago,Engineer-07,Day,Resolved,Medium,False,Not Required,False,Device unreachable,Normal
INC-10309,Vertex Technologies,Technology,P3,P1,True,2026-08-19 18:52:00,2026-08-19 17:43:00,2026-08-19 17:56:00,2026-08-19 22:27:24,2026-08-20 08:11:53.323889,4,3.59,Wireless AP,Phoenix,Engineer-10,Day,Escalated,High,False,Not Required,False,Device unreachable,Normal
INC-10310,Meridian Public Services,Public Sector,P4,P4,False,,2026-08-29 13:26:00,2026-08-29 13:40:00,2026-08-29 19:05:36,2026-08-30 17:34:12.033820,8,5.66,ISR Router,Denver,Engineer-09,Day,Investigating,Medium,False,Not Required,False,Packet loss reported,Normal
INC-10311,BluePeak Telecom,Telecommunications,P3,P3,False,,2026-08-20 07:14:00,2026-08-20 07:40:00,2026-08-20 11:20:00,2026-08-20 14:09:40.565630,8,4.1,Catalyst 9500,Phoenix,Engineer-02,Day,Investigating,High,False,Not Required,False,Intermittent connectivity reported by customer,Normal
INC-10312,Pioneer Energy,Energy,P2,P2,False,,2026-08-02 13:48:00,2026-08-02 13:53:00,2026-08-02 17:25:12,2026-08-03 16:16:28.397918,4,3.62,ISR Router,Atlanta,Engineer-07,Night,Escalated,Medium,False,Not Required,False,Network latency observed at site,Normal
INC-10313,Vertex Technologies,Technology,P4,P4,False,,2026-08-14 12:49:00,2026-08-14 12:55:00,2026-08-14 19:05:48,2026-08-15 15:03:22.401024,8,6.28,Catalyst 9500,Denver,Engineer-03,Night,Resolved,High,False,Not Required,False,Interface flapping,Normal
INC-10314,Apex Financial,BFSI,P4,P2,True,2026-08-17 20:22:00,2026-08-17 20:03:00,2026-08-17 20:31:00,2026-08-17 23:55:00,2026-08-18 18:23:40.456637,4,3.55,Firewall,Denver,Engineer-08,Night,Open,Critical,False,Not Required,False,Wireless connectivity issue,Normal
INC-10315,BluePeak Telecom,Telecommunications,P2,P2,False,,2026-08-17 03:11:00,2026-08-17 03:24:00,2026-08-17 05:25:24,2026-08-17 15:56:06.710462,4,2.24,Firewall,Austin,Engineer-09,Day,Escalated,Critical,False,Not Required,False,High interface error rate detected,Normal
INC-10316,Vertex Technologies,Technology,P4,P1,True,2026-08-23 14:57:00,2026-08-23 14:40:00,2026-08-23 15:08:00,2026-08-23 18:01:12,2026-08-23 22:24:51.692653,4,3.07,Wireless AP,Denver,Engineer-05,Night,Closed,Medium,False,Not Required,True,Network performance degradation,Normal
INC-10317,Meridian Public Services,Public Sector,P3,P3,False,,2026-08-25 14:18:00,2026-08-25 14:43:00,2026-08-25 18:58:48,2026-08-26 16:38:47.270431,8,4.68,ISR Router,Dallas,Engineer-03,Day,Investigating,Low,False,Not Required,True,Network latency observed at site,Normal
INC-10318,BluePeak Telecom,Telecommunications,P3,P3,False,,2026-08-07 18:42:00,2026-08-07 19:02:00,2026-08-08 00:24:00,2026-08-08 11:33:47.279932,8,5.7,Catalyst 9300,Minneapolis,Engineer-08,Night,Resolved,Low,False,Not Required,True,Customer unable to access network services,Normal
INC-10319,BluePeak Telecom,Telecommunications,P4,P1,True,2026-08-22 19:08:00,2026-08-22 18:53:00,2026-08-22 19:12:00,2026-08-22 21:13:24,2026-08-23 07:33:48.033295,4,2.09,Firewall,Seattle,Engineer-04,Day,Investigating,Low,False,Not Required,False,Network latency observed at site,Normal
INC-10320,Meridian Public Services,Public Sector,P3,P3,False,,2026-08-27 02:48:00,2026-08-27 03:06:00,2026-08-27 09:57:36,2026-08-27 12:27:11.861748,8,7.16,Wireless AP,Dallas,Engineer-06,Day,Open,High,False,Not Required,False,Customer unable to access network services,Normal
INC-10321,BluePeak Telecom,Telecommunications,P2,P2,False,,2026-08-24 20:33:00,2026-08-24 20:39:00,2026-08-24 23:24:00,2026-08-25 16:14:20.574239,4,2.85,ISR Router,Seattle,Engineer-07,Day,Closed,Low,False,Not Required,False,Wireless connectivity issue,Normal
INC-10322,BluePeak Telecom,Telecommunications,P4,P4,False,,2026-08-16 16:46:00,2026-08-16 17:11:00,2026-08-16 22:38:12,2026-08-17 18:13:12.773803,8,5.87,Wireless AP,Dallas,Engineer-06,Night,Resolved,High,False,Not Required,False,Hardware failure reported,Normal
INC-10323,BluePeak Telecom,Telecommunications,P4,P4,False,,2026-08-20 13:26:00,2026-08-20 13:32:00,2026-08-20 18:41:00,2026-08-21 08:34:22.403807,8,5.25,Catalyst 9500,Austin,Engineer-02,Day,Escalated,Low,False,Not Required,True,Network performance degradation,Normal
INC-10324,Vertex Technologies,Technology,P4,P2,True,2026-08-11 12:51:00,2026-08-11 12:46:00,2026-08-11 12:56:00,2026-08-11 15:11:24,2026-08-12 11:17:04.734854,4,2.34,ISR Router,Chicago,Engineer-02,Night,Pending Customer,High,False,Not Required,False,Configuration issue suspected,Normal
INC-10325,Pioneer Energy,Energy,P3,P3,False,,2026-08-30 23:03:00,2026-08-30 23:24:00,2026-08-31 04:10:12,2026-08-31 21:50:39.031980,8,5.12,Catalyst 9300,Atlanta,Engineer-08,Day,Closed,High,False,Not Required,False,Interface flapping,Normal
INC-10326,Vertex Technologies,Technology,P3,P3,False,,2026-08-18 05:36:00,2026-08-18 06:00:00,2026-08-18 11:03:36,2026-08-19 01:44:57.886590,8,5.46,Firewall,Boston,Engineer-06,Day,Investigating,Low,False,Not Required,False,Device unreachable,Normal
INC-10327,Summit Retail,Retail,P3,P3,False,,2026-08-07 16:19:00,2026-08-07 16:29:00,2026-08-07 20:44:12,2026-08-08 15:47:25.361812,8,4.42,Catalyst 9300,Chicago,Engineer-07,Day,Escalated,High,False,Not Required,False,Wireless connectivity issue,Normal
INC-10328,Pioneer Energy,Energy,P4,P4,False,,2026-08-25 10:09:00,2026-08-25 10:17:00,2026-08-25 17:13:48,2026-08-26 15:48:16.374508,8,7.08,Firewall,Austin,Engineer-08,Day,Investigating,Critical,False,Not Required,False,Packet loss reported,Normal
INC-10329,Apex Financial,BFSI,P4,P4,False,,2026-08-03 10:29:00,2026-08-03 10:35:00,2026-08-03 14:52:24,2026-08-04 09:29:43.719312,8,4.39,Wireless AP,Charlotte,Engineer-09,Day,Open,Low,False,Not Required,True,Device unreachable,Normal
INC-10330,BluePeak Telecom,Telecommunications,P4,P4,False,,2026-08-09 04:10:00,2026-08-09 04:23:00,2026-08-09 08:35:48,2026-08-10 07:38:15.078913,8,4.43,Catalyst 9500,Boston,Engineer-04,Day,Pending Customer,High,False,Not Required,True,Device unreachable,Normal
INC-10331,Summit Retail,Retail,P3,P3,False,,2026-08-10 19:57:00,2026-08-10 20:12:00,2026-08-11 01:58:48,2026-08-11 04:08:48.128013,8,6.03,Firewall,Boston,Engineer-05,Day,Closed,High,True,Shipment Delayed,True,Customer unable to access network services,Normal
INC-10332,Orion Manufacturing,Manufacturing,P3,P3,False,,2026-08-27 06:45:00,2026-08-27 07:11:00,2026-08-27 13:46:48,2026-08-27 16:35:11.576295,8,7.03,Catalyst 9300,Denver,Engineer-07,Night,Investigating,Critical,False,Not Required,False,Unexpected device restart,Normal
INC-10333,Meridian Public Services,Public Sector,P3,P3,False,,2026-08-05 19:16:00,2026-08-05 19:32:00,2026-08-06 00:44:12,2026-08-06 17:49:40.090626,8,5.47,Catalyst 9300,Minneapolis,Engineer-02,Night,Pending Customer,Critical,False,Not Required,False,Network performance degradation,Normal
INC-10334,Summit Retail,Retail,P3,P3,False,,2026-08-10 11:38:00,2026-08-10 12:01:00,2026-08-10 16:06:48,2026-08-10 19:28:50.787014,8,4.48,Wireless AP,Minneapolis,Engineer-01,Day,Escalated,High,False,Not Required,False,Switch rebooting unexpectedly,Normal
INC-10335,Summit Retail,Retail,P3,P3,False,,2026-08-06 15:24:00,2026-08-06 15:31:00,2026-08-06 20:40:48,2026-08-07 16:24:00.220365,8,5.28,Firewall,Denver,Engineer-05,Night,Escalated,Critical,False,Not Required,False,Hardware failure reported,Normal
INC-10336,Orion Manufacturing,Manufacturing,P4,P4,False,,2026-08-27 15:07:00,2026-08-27 15:30:00,2026-08-27 21:21:24,2026-08-28 05:50:25.306206,8,6.24,Firewall,Boston,Engineer-09,Day,Investigating,Low,True,Delivered,False,Network performance degradation,Normal
INC-10337,Orion Manufacturing,Manufacturing,P2,P2,False,,2026-08-27 04:56:00,2026-08-27 05:01:00,2026-08-27 08:15:12,2026-08-28 00:27:12.979404,4,3.32,Catalyst 9300,Dallas,Engineer-02,Night,Pending Customer,Low,False,Not Required,False,Interface flapping,Normal
INC-10338,Pioneer Energy,Energy,P4,P4,False,,2026-08-23 11:05:00,2026-08-23 11:28:00,2026-08-23 15:06:48,2026-08-24 14:48:03.712495,8,4.03,Catalyst 9500,Phoenix,Engineer-06,Night,Resolved,High,False,Not Required,False,Customer unable to access network services,Normal
INC-10339,BluePeak Telecom,Telecommunications,P2,P2,False,,2026-08-10 00:15:00,2026-08-10 00:26:00,2026-08-10 03:28:48,2026-08-10 13:32:53.417200,4,3.23,Catalyst 9300,Boston,Engineer-09,Day,Open,High,False,Not Required,False,Unexpected device restart,Normal
INC-10340,Orion Manufacturing,Manufacturing,P3,P3,False,,2026-08-12 13:09:00,2026-08-12 13:23:00,2026-08-12 20:53:24,2026-08-13 13:18:05.471583,8,7.74,Wireless AP,Seattle,Engineer-04,Day,Escalated,Medium,True,Requested,False,Network latency observed at site,Normal
INC-10341,Meridian Public Services,Public Sector,P4,P4,False,,2026-08-23 19:59:00,2026-08-23 20:17:00,2026-08-24 02:19:24,2026-08-24 13:46:27.852943,8,6.34,Wireless AP,Charlotte,Engineer-03,Day,Investigating,Critical,False,Not Required,False,Network performance degradation,Normal
INC-10342,Orion Manufacturing,Manufacturing,P4,P4,False,,2026-08-17 08:26:00,2026-08-17 08:48:00,2026-08-17 14:35:36,2026-08-17 16:21:46.643337,8,6.16,ISR Router,Phoenix,Engineer-03,Night,Resolved,Critical,True,Delivered,False,Intermittent connectivity reported by customer,Normal
INC-10343,Northstar Health,Healthcare,P3,P1,True,2026-08-08 18:42:00,2026-08-08 15:40:00,2026-08-08 15:53:00,2026-08-08 22:06:00,2026-08-09 03:15:14.976936,4,3.4,Firewall,Minneapolis,Engineer-02,Day,Closed,High,True,Shipped,False,Unexpected device restart,Normal
INC-10344,Apex Financial,BFSI,P3,P3,False,,2026-08-26 09:18:00,2026-08-26 09:28:00,2026-08-26 13:25:48,2026-08-27 11:39:21.181930,8,4.13,Wireless AP,Minneapolis,Engineer-09,Night,Resolved,High,False,Not Required,False,Unexpected device restart,Normal
INC-10345,BluePeak Telecom,Telecommunications,P4,P4,False,,2026-08-10 15:05:00,2026-08-10 15:14:00,2026-08-10 20:59:00,2026-08-11 17:33:59.667201,8,5.9,Catalyst 9300,Minneapolis,Engineer-10,Day,Resolved,High,False,Not Required,False,Intermittent connectivity reported by customer,Normal
INC-10346,BluePeak Telecom,Telecommunications,P4,P4,False,,2026-08-06 08:50:00,2026-08-06 09:17:00,2026-08-06 13:43:24,2026-08-06 18:52:55.001004,8,4.89,ISR Router,Chicago,Engineer-01,Day,Resolved,Medium,False,Not Required,True,Network latency observed at site,Normal
INC-10347,Northstar Health,Healthcare,P3,P3,False,,2026-08-21 05:13:00,2026-08-21 05:36:00,2026-08-21 11:58:00,2026-08-21 20:54:12.269572,8,6.75,Catalyst 9500,Dallas,Engineer-03,Night,Escalated,Critical,False,Not Required,False,Customer unable to access network services,Normal
INC-10348,Northstar Health,Healthcare,P4,P4,False,,2026-08-18 07:24:00,2026-08-18 07:50:00,2026-08-18 14:03:00,2026-08-19 01:57:56.017287,8,6.65,Catalyst 9300,Atlanta,Engineer-08,Night,Escalated,Critical,True,Delivered,True,Device unreachable,Normal
INC-10349,Pioneer Energy,Energy,P4,P4,False,,2026-08-30 20:54:00,2026-08-30 21:07:00,2026-08-31 02:09:36,2026-08-31 09:18:10.871142,8,5.26,Wireless AP,Boston,Engineer-09,Day,Open,High,True,Shipment Delayed,False,Configuration issue suspected,Normal
INC-10350,Pioneer Energy,Energy,P3,P1,True,2026-08-27 02:08:00,2026-08-27 02:00:00,2026-08-27 02:21:00,2026-08-27 04:54:48,2026-08-27 10:49:35.671770,4,2.78,Catalyst 9500,Dallas,Engineer-04,Night,Closed,Medium,False,Not Required,False,Unexpected device restart,Normal
INC-10351,Apex Financial,BFSI,P4,P1,True,2026-08-14 01:13:00,2026-08-13 21:48:00,2026-08-13 21:55:00,2026-08-14 04:47:12,2026-08-14 18:22:12.120867,4,3.57,Firewall,Denver,Engineer-01,Day,Resolved,Low,False,Not Required,False,Network performance degradation,Normal
INC-10352,Northstar Health,Healthcare,P3,P2,True,2026-08-11 03:21:00,2026-08-11 01:16:00,2026-08-11 01:28:00,2026-08-11 05:28:12,2026-08-12 02:54:48.139956,4,2.12,Wireless AP,Chicago,Engineer-07,Night,Pending Customer,Low,False,Not Required,False,Network latency observed at site,Normal
INC-10353,Pioneer Energy,Energy,P4,P4,False,,2026-08-04 01:04:00,2026-08-04 01:11:00,2026-08-04 07:12:24,2026-08-04 13:58:13.377802,8,6.14,Catalyst 9300,Atlanta,Engineer-09,Night,Investigating,Low,False,Not Required,False,Hardware failure reported,Normal
INC-10354,Meridian Public Services,Public Sector,P4,P4,False,,2026-08-17 22:49:00,2026-08-17 23:09:00,2026-08-18 04:36:24,2026-08-18 14:53:47.975841,8,5.79,Catalyst 9300,Austin,Engineer-07,Night,Investigating,High,False,Not Required,False,Unexpected device restart,Normal
INC-10355,Northstar Health,Healthcare,P2,P2,False,,2026-08-18 11:21:00,2026-08-18 11:30:00,2026-08-18 14:03:00,2026-08-19 05:35:32.165202,4,2.7,Firewall,Phoenix,Engineer-01,Night,Closed,Critical,False,Not Required,True,High interface error rate detected,Normal
INC-10356,Summit Retail,Retail,P4,P4,False,,2026-08-10 22:24:00,2026-08-10 22:32:00,2026-08-11 04:45:36,2026-08-11 14:01:22.820860,8,6.36,Catalyst 9300,Minneapolis,Engineer-05,Day,Investigating,Low,True,Shipment Delayed,False,Configuration issue suspected,Normal
INC-10357,Vertex Technologies,Technology,P3,P2,True,2026-08-16 18:54:00,2026-08-16 17:53:00,2026-08-16 18:03:00,2026-08-16 21:00:00,2026-08-17 15:06:08.062443,4,2.1,Catalyst 9500,Austin,Engineer-04,Day,Closed,Medium,True,Requested,False,Hardware failure reported,Normal
INC-10358,Pioneer Energy,Energy,P3,P1,True,2026-08-08 22:51:00,2026-08-08 22:41:00,2026-08-08 23:04:00,2026-08-09 00:56:24,2026-08-09 08:50:31.531330,4,2.09,Firewall,Atlanta,Engineer-10,Day,Open,Medium,False,Not Required,False,Intermittent connectivity reported by customer,Normal
INC-10359,Meridian Public Services,Public Sector,P2,P2,False,,2026-08-07 13:21:00,2026-08-07 13:32:00,2026-08-07 15:55:12,2026-08-08 15:21:52.650709,4,2.57,Firewall,Denver,Engineer-02,Day,Escalated,Medium,False,Not Required,False,Hardware failure reported,Normal
INC-10360,Vertex Technologies,Technology,P2,P2,False,,2026-08-14 05:44:00,2026-08-14 05:54:00,2026-08-14 08:42:12,2026-08-14 19:47:33.148358,4,2.97,Catalyst 9300,Dallas,Engineer-03,Night,Open,High,False,Not Required,True,Switch rebooting unexpectedly,Normal
INC-10361,Northstar Health,Healthcare,P1,P1,False,,2026-08-30 02:45:00,2026-08-30 02:54:00,2026-08-30 05:28:48,2026-08-31 01:03:01.697309,4,2.73,Firewall,Charlotte,Engineer-03,Day,Escalated,Low,False,Not Required,False,Switch rebooting unexpectedly,Normal
INC-10362,Vertex Technologies,Technology,P3,P1,True,2026-08-23 19:05:00,2026-08-23 15:39:00,2026-08-23 15:48:00,2026-08-23 21:41:36,2026-08-23 19:21:54.399418,4,2.61,Catalyst 9500,Chicago,Engineer-09,Night,Escalated,Medium,False,Not Required,True,Wireless connectivity issue,Normal
INC-10363,Northstar Health,Healthcare,P3,P3,False,,2026-08-26 04:43:00,2026-08-26 05:03:00,2026-08-26 10:35:12,2026-08-26 15:15:40.094344,8,5.87,Firewall,Boston,Engineer-09,Day,Escalated,Medium,False,Not Required,True,Customer unable to access network services,Normal
INC-10364,Summit Retail,Retail,P1,P1,False,,2026-08-24 01:59:00,2026-08-24 02:12:00,2026-08-24 04:17:36,2026-08-24 23:21:34.739097,4,2.31,ISR Router,Phoenix,Engineer-07,Night,Pending Customer,Critical,False,Not Required,True,Hardware failure reported,Normal
INC-10365,Vertex Technologies,Technology,P3,P1,True,2026-08-04 07:58:00,2026-08-04 07:47:00,2026-08-04 08:07:00,2026-08-04 11:31:36,2026-08-04 14:02:04.260515,4,3.56,Wireless AP,Dallas,Engineer-10,Night,Escalated,High,False,Not Required,True,Wireless connectivity issue,Normal
INC-10366,Orion Manufacturing,Manufacturing,P2,P2,False,,2026-08-24 06:40:00,2026-08-24 06:50:00,2026-08-24 10:22:36,2026-08-24 16:01:39.061756,4,3.71,Catalyst 9500,Phoenix,Engineer-10,Night,Investigating,High,True,Shipment Delayed,False,High CPU utilization observed,Normal
INC-10367,BluePeak Telecom,Telecommunications,P3,P3,False,,2026-08-06 20:39:00,2026-08-06 20:49:00,2026-08-07 02:49:12,2026-08-07 16:32:00.166816,8,6.17,Catalyst 9500,Denver,Engineer-08,Night,Escalated,High,False,Not Required,False,Network latency observed at site,Normal
INC-10368,Pioneer Energy,Energy,P4,P4,False,,2026-08-11 13:37:00,2026-08-11 13:49:00,2026-08-11 20:57:24,2026-08-12 11:34:02.691132,8,7.34,Catalyst 9500,Dallas,Engineer-08,Night,Pending Customer,Critical,True,Customer Return Pending,False,Intermittent connectivity reported by customer,Normal
INC-10369,Orion Manufacturing,Manufacturing,P3,P3,False,,2026-08-27 03:28:00,2026-08-27 03:48:00,2026-08-27 08:22:00,2026-08-27 22:12:42.720821,8,4.9,Catalyst 9300,Austin,Engineer-08,Day,Escalated,Critical,True,Shipment Delayed,False,Configuration issue suspected,Normal
INC-10370,Vertex Technologies,Technology,P3,P3,False,,2026-08-23 14:54:00,2026-08-23 15:17:00,2026-08-23 21:42:00,2026-08-23 23:15:41.435625,8,6.8,Catalyst 9500,Boston,Engineer-05,Day,Closed,Low,False,Not Required,False,Switch rebooting unexpectedly,Normal
INC-10371,Orion Manufacturing,Manufacturing,P4,P4,False,,2026-08-02 09:27:00,2026-08-02 09:40:00,2026-08-02 16:04:12,2026-08-03 07:09:27.102495,8,6.62,Catalyst 9500,Boston,Engineer-08,Day,Closed,Critical,False,Not Required,False,Switch rebooting unexpectedly,Normal
INC-10372,Northstar Health,Healthcare,P3,P3,False,,2026-08-12 11:11:00,2026-08-12 11:36:00,2026-08-12 17:17:00,2026-08-12 19:49:28.089692,8,6.1,Firewall,Boston,Engineer-01,Night,Open,Critical,False,Not Required,False,Switch rebooting unexpectedly,Normal
INC-10373,Summit Retail,Retail,P4,P4,False,,2026-08-11 11:57:00,2026-08-11 12:10:00,2026-08-11 17:50:24,2026-08-12 04:34:02.531559,8,5.89,Catalyst 9500,Seattle,Engineer-02,Night,Closed,Medium,True,Shipped,False,Customer unable to access network services,Normal
INC-10374,Pioneer Energy,Energy,P3,P3,False,,2026-08-22 22:51:00,2026-08-22 22:58:00,2026-08-23 03:33:36,2026-08-24 00:53:29.459644,8,4.71,Firewall,Seattle,Engineer-02,Night,Closed,High,True,Delivered,False,Configuration issue suspected,Normal
INC-10375,BluePeak Telecom,Telecommunications,P3,P3,False,,2026-08-17 20:01:00,2026-08-17 20:15:00,2026-08-18 01:34:36,2026-08-18 18:16:18.999431,8,5.56,Catalyst 9300,Denver,Engineer-03,Night,Open,Medium,False,Not Required,False,Unexpected device restart,Normal
INC-10376,Orion Manufacturing,Manufacturing,P4,P4,False,,2026-08-11 13:37:00,2026-08-11 13:52:00,2026-08-11 20:04:36,2026-08-12 15:10:25.057250,8,6.46,Wireless AP,Austin,Engineer-05,Day,Open,Medium,False,Not Required,False,Intermittent connectivity reported by customer,Normal
INC-10377,Pioneer Energy,Energy,P3,P3,False,,2026-08-10 01:09:00,2026-08-10 01:25:00,2026-08-10 06:13:12,2026-08-11 05:12:46.507235,8,5.07,Wireless AP,Chicago,Engineer-10,Day,Pending Customer,High,False,Not Required,False,Network latency observed at site,Normal
INC-10378,BluePeak Telecom,Telecommunications,P4,P4,False,,2026-08-15 08:23:00,2026-08-15 08:33:00,2026-08-15 13:09:12,2026-08-16 06:25:02.726763,8,4.77,Catalyst 9500,Atlanta,Engineer-03,Day,Investigating,Low,False,Not Required,False,Switch rebooting unexpectedly,Normal
INC-10379,Meridian Public Services,Public Sector,P4,P4,False,,2026-08-16 04:29:00,2026-08-16 04:44:00,2026-08-16 09:04:24,2026-08-17 08:23:12.433522,8,4.59,ISR Router,Minneapolis,Engineer-09,Day,Resolved,Low,False,Not Required,False,Device unreachable,Normal
INC-10380,BluePeak Telecom,Telecommunications,P3,P2,True,2026-08-29 01:16:00,2026-08-29 01:08:00,2026-08-29 01:23:00,2026-08-29 03:18:24,2026-08-29 18:22:34.820990,4,2.04,Wireless AP,Chicago,Engineer-10,Day,Resolved,Critical,False,Not Required,False,Unexpected device restart,Normal
INC-10381,Summit Retail,Retail,P2,P2,False,,2026-08-28 14:43:00,2026-08-28 14:49:00,2026-08-28 18:25:36,2026-08-29 04:29:54.275149,4,3.71,Catalyst 9300,Dallas,Engineer-04,Day,Pending Customer,Low,False,Not Required,False,Wireless connectivity issue,Normal
INC-10382,Apex Financial,BFSI,P1,P1,False,,2026-08-12 11:19:00,2026-08-12 11:31:00,2026-08-12 14:50:48,2026-08-12 17:51:41.166639,4,3.53,ISR Router,Charlotte,Engineer-03,Night,Pending Customer,High,False,Not Required,False,High CPU utilization observed,Normal
INC-10383,Orion Manufacturing,Manufacturing,P4,P4,False,,2026-08-05 06:19:00,2026-08-05 06:39:00,2026-08-05 14:01:36,2026-08-06 03:06:30.926656,8,7.71,Wireless AP,Chicago,Engineer-03,Night,Closed,Medium,False,Not Required,False,High CPU utilization observed,Normal
INC-10384,Orion Manufacturing,Manufacturing,P4,P4,False,,2026-08-05 06:11:00,2026-08-05 06:28:00,2026-08-05 11:16:24,2026-08-05 23:33:24.489173,8,5.09,Catalyst 9300,Austin,Engineer-07,Night,Escalated,Critical,False,Not Required,False,Network latency observed at site,Normal
INC-10385,BluePeak Telecom,Telecommunications,P2,P2,False,,2026-08-10 20:53:00,2026-08-10 21:05:00,2026-08-10 23:06:12,2026-08-11 15:25:09.634640,4,2.22,Wireless AP,Seattle,Engineer-08,Day,Open,Low,False,Not Required,False,Customer unable to access network services,Normal
INC-10386,Vertex Technologies,Technology,P3,P3,False,,2026-08-28 08:40:00,2026-08-28 09:06:00,2026-08-28 14:27:24,2026-08-29 07:25:27.494170,8,5.79,Catalyst 9300,Denver,Engineer-05,Night,Open,High,True,Customer Return Pending,False,Hardware failure reported,Normal
INC-10387,Apex Financial,BFSI,P4,P1,True,2026-08-02 08:39:00,2026-08-02 08:23:00,2026-08-02 08:42:00,2026-08-02 11:09:36,2026-08-03 00:04:27.900915,4,2.51,ISR Router,Atlanta,Engineer-10,Day,Investigating,Critical,False,Not Required,False,Packet loss reported,Normal
INC-10388,Meridian Public Services,Public Sector,P3,P3,False,,2026-08-12 03:34:00,2026-08-12 03:57:00,2026-08-12 08:53:12,2026-08-12 13:11:31.810042,8,5.32,Catalyst 9300,Dallas,Engineer-03,Night,Pending Customer,High,True,Shipped,False,High interface error rate detected,Normal
INC-10389,Pioneer Energy,Energy,P4,P4,False,,2026-08-18 19:44:00,2026-08-18 20:05:00,2026-08-19 02:54:12,2026-08-19 20:17:30.902160,8,7.17,Wireless AP,Boston,Engineer-03,Day,Investigating,Medium,False,Not Required,False,Network latency observed at site,Normal
INC-10390,Orion Manufacturing,Manufacturing,P3,P3,False,,2026-08-27 14:56:00,2026-08-27 15:20:00,2026-08-27 20:53:36,2026-08-28 20:12:21.228440,8,5.96,Wireless AP,Denver,Engineer-02,Day,Open,High,False,Not Required,False,Interface flapping,Normal
INC-10391,Northstar Health,Healthcare,P2,P2,False,,2026-08-03 13:44:00,2026-08-03 13:50:00,2026-08-03 15:52:24,2026-08-04 10:41:28.523106,4,2.14,Catalyst 9500,Atlanta,Engineer-03,Day,Pending Customer,Medium,False,Not Required,True,Network latency observed at site,Normal
INC-10392,Northstar Health,Healthcare,P1,P1,False,,2026-08-10 21:00:00,2026-08-10 21:06:00,2026-08-11 00:22:12,2026-08-11 22:31:56.120263,4,3.37,Catalyst 9300,Seattle,Engineer-10,Day,Escalated,High,False,Not Required,False,Switch rebooting unexpectedly,Normal
INC-10393,Meridian Public Services,Public Sector,P3,P3,False,,2026-08-25 23:39:00,2026-08-25 23:51:00,2026-08-26 05:32:24,2026-08-26 08:06:42.306821,8,5.89,ISR Router,Austin,Engineer-02,Day,Closed,High,False,Not Required,False,Device unreachable,Normal
INC-10394,Vertex Technologies,Technology,P4,P4,False,,2026-08-16 11:44:00,2026-08-16 12:07:00,2026-08-16 16:25:24,2026-08-17 08:54:51.927808,8,4.69,Catalyst 9500,Chicago,Engineer-03,Day,Closed,Medium,True,Shipped,False,Switch rebooting unexpectedly,Normal
INC-10395,Orion Manufacturing,Manufacturing,P2,P2,False,,2026-08-04 16:08:00,2026-08-04 16:20:00,2026-08-04 19:27:48,2026-08-05 12:40:19.719778,4,3.33,Catalyst 9500,Seattle,Engineer-04,Night,Open,High,False,Not Required,True,Customer unable to access network services,Normal
INC-10396,Summit Retail,Retail,P4,P4,False,,2026-08-08 17:26:00,2026-08-08 17:40:00,2026-08-09 01:07:24,2026-08-09 11:57:59.225764,8,7.69,Wireless AP,Denver,Engineer-07,Night,Escalated,High,False,Not Required,False,Hardware failure reported,Normal
INC-10397,Pioneer Energy,Energy,P3,P3,False,,2026-08-03 03:09:00,2026-08-03 03:26:00,2026-08-03 08:39:00,2026-08-03 23:13:58.138837,8,5.5,ISR Router,Atlanta,Engineer-01,Night,Closed,Critical,True,Approved,True,Switch rebooting unexpectedly,Normal
INC-10398,Vertex Technologies,Technology,P4,P4,False,,2026-08-23 18:37:00,2026-08-23 18:50:00,2026-08-24 01:27:24,2026-08-24 20:52:45.494324,8,6.84,ISR Router,Phoenix,Engineer-10,Night,Open,Critical,False,Not Required,False,Wireless connectivity issue,Normal
INC-10399,Orion Manufacturing,Manufacturing,P3,P3,False,,2026-08-21 04:01:00,2026-08-21 04:09:00,2026-08-21 10:47:12,2026-08-22 06:53:01.872402,8,6.77,Wireless AP,Seattle,Engineer-05,Day,Escalated,Low,False,Not Required,True,Switch rebooting unexpectedly,Normal
INC-10400,Meridian Public Services,Public Sector,P4,P4,False,,2026-08-17 15:50:00,2026-08-17 16:09:00,2026-08-17 20:35:36,2026-08-18 12:49:17.319717,8,4.76,Wireless AP,Dallas,Engineer-06,Day,Pending Customer,Low,False,Not Required,False,Hardware failure reported,Normal
INC-10401,Summit Retail,Retail,P3,P3,False,,2026-08-15 14:02:00,2026-08-15 14:08:00,2026-08-15 18:41:36,2026-08-16 10:51:35.233035,8,4.66,Firewall,Seattle,Engineer-01,Day,Escalated,Critical,False,Not Required,False,Switch rebooting unexpectedly,Normal
INC-10402,Meridian Public Services,Public Sector,P4,P4,False,,2026-08-16 21:35:00,2026-08-16 22:01:00,2026-08-17 03:36:12,2026-08-17 15:24:32.961827,8,6.02,Wireless AP,Charlotte,Engineer-03,Night,Closed,Critical,False,Not Required,False,High CPU utilization observed,Normal
INC-10403,Apex Financial,BFSI,P4,P4,False,,2026-08-02 00:37:00,2026-08-02 00:43:00,2026-08-02 05:05:48,2026-08-02 14:31:26.755793,8,4.48,Wireless AP,Chicago,Engineer-08,Night,Resolved,High,False,Not Required,False,Network performance degradation,Normal
INC-10404,Summit Retail,Retail,P2,P2,False,,2026-08-08 07:15:00,2026-08-08 07:24:00,2026-08-08 10:17:24,2026-08-09 08:13:44.210750,4,3.04,Wireless AP,Denver,Engineer-07,Night,Pending Customer,High,True,Shipped,True,High CPU utilization observed,Normal
INC-10405,Meridian Public Services,Public Sector,P3,P3,False,,2026-08-09 00:44:00,2026-08-09 01:04:00,2026-08-09 06:56:00,2026-08-10 06:36:21.323909,8,6.2,Catalyst 9300,Seattle,Engineer-06,Day,Escalated,Critical,False,Not Required,False,Network performance degradation,Normal
INC-10406,Northstar Health,Healthcare,P2,P2,False,,2026-08-10 11:27:00,2026-08-10 11:35:00,2026-08-10 14:19:12,2026-08-11 10:48:31.262996,4,2.87,Wireless AP,Denver,Engineer-04,Night,Escalated,High,False,Not Required,False,Configuration issue suspected,Normal
INC-10407,Vertex Technologies,Technology,P3,P3,False,,2026-08-23 18:06:00,2026-08-23 18:29:00,2026-08-23 23:21:36,2026-08-24 01:54:25.937495,8,5.26,ISR Router,Chicago,Engineer-01,Night,Resolved,Medium,False,Not Required,False,High CPU utilization observed,Normal
INC-10408,Vertex Technologies,Technology,P3,P3,False,,2026-08-20 16:29:00,2026-08-20 16:55:00,2026-08-20 23:20:36,2026-08-21 04:29:49.750453,8,6.86,ISR Router,Denver,Engineer-05,Night,Escalated,High,True,Shipment Delayed,False,Network performance degradation,Normal
INC-10409,Meridian Public Services,Public Sector,P4,P4,False,,2026-08-02 16:12:00,2026-08-02 16:28:00,2026-08-02 21:55:48,2026-08-03 04:27:30.962882,8,5.73,Firewall,Minneapolis,Engineer-04,Night,Pending Customer,Critical,False,Not Required,False,Network performance degradation,Normal
INC-10410,Orion Manufacturing,Manufacturing,P3,P3,False,,2026-08-20 07:25:00,2026-08-20 07:37:00,2026-08-20 11:50:48,2026-08-20 17:15:38.645751,8,4.43,Wireless AP,Boston,Engineer-02,Day,Escalated,High,False,Not Required,False,Device unreachable,Normal
INC-10411,Pioneer Energy,Energy,P2,P2,False,,2026-08-05 00:16:00,2026-08-05 00:25:00,2026-08-05 03:25:00,2026-08-05 08:27:51.576373,4,3.15,Wireless AP,Seattle,Engineer-07,Night,Closed,Medium,False,Not Required,False,Intermittent connectivity reported by customer,Normal
INC-10412,Pioneer Energy,Energy,P4,P4,False,,2026-08-12 21:42:00,2026-08-12 21:49:00,2026-08-13 03:11:24,2026-08-13 23:30:20.307218,8,5.49,Catalyst 9300,Austin,Engineer-02,Night,Resolved,Low,False,Not Required,False,Device unreachable,Normal
INC-10413,Northstar Health,Healthcare,P3,P3,False,,2026-08-11 10:53:00,2026-08-11 11:16:00,2026-08-11 17:38:36,2026-08-12 13:10:39.685139,8,6.76,Firewall,Dallas,Engineer-09,Night,Escalated,Medium,False,Not Required,False,Switch rebooting unexpectedly,Normal
INC-10414,Vertex Technologies,Technology,P3,P3,False,,2026-08-16 17:23:00,2026-08-16 17:50:00,2026-08-17 00:56:36,2026-08-17 09:13:21.367565,8,7.56,Catalyst 9500,Denver,Engineer-03,Day,Pending Customer,Critical,False,Not Required,False,Interface flapping,Normal
INC-10415,BluePeak Telecom,Telecommunications,P4,P4,False,,2026-08-31 01:44:00,2026-08-31 02:10:00,2026-08-31 06:38:00,2026-08-31 20:20:45.870394,8,4.9,Catalyst 9500,Boston,Engineer-08,Night,Pending Customer,Low,False,Not Required,False,Intermittent connectivity reported by customer,Normal
INC-10416,Summit Retail,Retail,P4,P4,False,,2026-08-10 02:59:00,2026-08-10 03:11:00,2026-08-10 08:06:12,2026-08-11 04:52:11.705851,8,5.12,Catalyst 9300,Seattle,Engineer-04,Night,Escalated,Critical,False,Not Required,False,Intermittent connectivity reported by customer,Normal
INC-10417,Summit Retail,Retail,P4,P4,False,,2026-08-14 03:52:00,2026-08-14 04:02:00,2026-08-14 10:29:12,2026-08-14 23:07:56.497753,8,6.62,Wireless AP,Austin,Engineer-05,Day,Escalated,Critical,False,Not Required,False,Interface flapping,Normal
INC-10418,Summit Retail,Retail,P1,P1,False,,2026-08-07 20:19:00,2026-08-07 20:29:00,2026-08-07 23:19:36,2026-08-08 02:52:32.574933,4,3.01,Wireless AP,Austin,Engineer-01,Day,Closed,Medium,False,Not Required,False,Interface flapping,Normal
INC-10419,Meridian Public Services,Public Sector,P3,P3,False,,2026-08-27 10:51:00,2026-08-27 11:05:00,2026-08-27 15:35:24,2026-08-28 02:07:24.303953,8,4.74,Firewall,Charlotte,Engineer-06,Night,Escalated,Medium,False,Not Required,False,High interface error rate detected,Normal
INC-10420,Vertex Technologies,Technology,P3,P3,False,,2026-08-02 12:39:00,2026-08-02 12:57:00,2026-08-02 18:54:00,2026-08-02 23:19:57.999436,8,6.25,Catalyst 9300,Austin,Engineer-09,Day,Open,Medium,False,Not Required,False,Interface flapping,Normal
INC-10421,Northstar Health,Healthcare,P3,P3,False,,2026-08-31 08:18:00,2026-08-31 08:46:00,2026-08-31 14:09:00,2026-08-31 18:08:40.504630,8,5.85,Catalyst 9300,Seattle,Engineer-07,Night,Closed,Low,False,Not Required,False,Interface flapping,Normal
INC-10422,BluePeak Telecom,Telecommunications,P4,P4,False,,2026-08-15 07:23:00,2026-08-15 07:46:00,2026-08-15 13:57:12,2026-08-16 01:29:27.988425,8,6.57,Catalyst 9500,Charlotte,Engineer-03,Night,Investigating,High,True,Approved,False,Intermittent connectivity reported by customer,Normal
INC-10423,Orion Manufacturing,Manufacturing,P2,P2,False,,2026-08-30 07:30:00,2026-08-30 07:40:00,2026-08-30 11:14:24,2026-08-31 09:50:39.856646,4,3.74,Catalyst 9500,Charlotte,Engineer-07,Night,Open,Low,False,Not Required,False,Switch rebooting unexpectedly,Normal
INC-10424,Apex Financial,BFSI,P2,P2,False,,2026-08-29 17:02:00,2026-08-29 17:09:00,2026-08-29 19:29:36,2026-08-30 08:04:46.228568,4,2.46,Catalyst 9300,Chicago,Engineer-09,Night,Pending Customer,High,False,Not Required,False,High CPU utilization observed,Normal
INC-10425,Meridian Public Services,Public Sector,P3,P3,False,,2026-08-16 08:47:00,2026-08-16 09:03:00,2026-08-16 16:15:12,2026-08-16 23:45:38.232078,8,7.47,Catalyst 9300,Boston,Engineer-09,Night,Investigating,Low,False,Not Required,False,Device unreachable,Normal
INC-10426,BluePeak Telecom,Telecommunications,P4,P4,False,,2026-08-28 21:40:00,2026-08-28 21:59:00,2026-08-29 01:52:00,2026-08-29 06:17:05.802823,8,4.2,Firewall,Boston,Engineer-07,Day,Pending Customer,Critical,False,Not Required,True,Unexpected device restart,Normal
INC-10427,BluePeak Telecom,Telecommunications,P3,P3,False,,2026-08-16 14:31:00,2026-08-16 14:39:00,2026-08-16 21:41:12,2026-08-17 18:37:29.606072,8,7.17,Catalyst 9500,Minneapolis,Engineer-07,Day,Escalated,Critical,True,Requested,False,Intermittent connectivity reported by customer,Normal
INC-10428,BluePeak Telecom,Telecommunications,P3,P3,False,,2026-08-17 18:11:00,2026-08-17 18:29:00,2026-08-18 01:38:00,2026-08-18 08:17:41.835687,8,7.45,Catalyst 9500,Atlanta,Engineer-09,Night,Resolved,Medium,False,Not Required,True,Network performance degradation,Normal
INC-10429,Summit Retail,Retail,P4,P4,False,,2026-08-03 14:53:00,2026-08-03 15:20:00,2026-08-03 21:21:12,2026-08-04 08:47:47.796654,8,6.47,Catalyst 9300,Chicago,Engineer-02,Night,Pending Customer,Low,False,Not Required,False,Hardware failure reported,Normal
INC-10430,Apex Financial,BFSI,P3,P2,True,2026-08-11 02:04:00,2026-08-11 01:47:00,2026-08-11 02:08:00,2026-08-11 04:46:00,2026-08-11 09:34:39.294305,4,2.7,ISR Router,Austin,Engineer-10,Night,Pending Customer,Medium,False,Not Required,False,Unexpected device restart,Normal
INC-10431,Northstar Health,Healthcare,P2,P2,False,,2026-08-16 13:47:00,2026-08-16 13:56:00,2026-08-16 17:21:48,2026-08-17 08:14:38.926649,4,3.58,Catalyst 9300,Phoenix,Engineer-03,Night,Escalated,Medium,False,Not Required,True,Device unreachable,Normal
INC-10432,Summit Retail,Retail,P3,P3,False,,2026-08-25 13:51:00,2026-08-25 14:07:00,2026-08-25 20:09:00,2026-08-26 07:08:03.970384,8,6.3,Firewall,Phoenix,Engineer-08,Night,Escalated,High,False,Not Required,True,Interface flapping,Normal
INC-10433,Summit Retail,Retail,P3,P3,False,,2026-08-30 15:19:00,2026-08-30 15:28:00,2026-08-30 23:00:24,2026-08-31 15:44:45.194008,8,7.69,Wireless AP,Phoenix,Engineer-03,Night,Resolved,Low,False,Not Required,False,Network performance degradation,Normal
INC-10434,Orion Manufacturing,Manufacturing,P3,P3,False,,2026-08-15 21:46:00,2026-08-15 22:09:00,2026-08-16 04:49:00,2026-08-16 13:59:31.892230,8,7.05,ISR Router,Dallas,Engineer-01,Day,Open,Low,False,Not Required,False,Configuration issue suspected,Normal
INC-10435,Apex Financial,BFSI,P3,P3,False,,2026-08-11 18:46:00,2026-08-11 19:05:00,2026-08-12 01:36:24,2026-08-12 12:57:19.686593,8,6.84,Catalyst 9300,Minneapolis,Engineer-03,Day,Escalated,Low,False,Not Required,False,Intermittent connectivity reported by customer,Normal
INC-10436,Meridian Public Services,Public Sector,P3,P1,True,2026-08-01 05:58:00,2026-08-01 05:41:00,2026-08-01 06:11:00,2026-08-01 09:39:24,2026-08-02 00:13:00.280043,4,3.69,Catalyst 9500,Atlanta,Engineer-02,Night,Closed,Critical,False,Not Required,False,Switch rebooting unexpectedly,Normal
INC-10437,Summit Retail,Retail,P2,P2,False,,2026-08-01 22:12:00,2026-08-01 22:17:00,2026-08-02 00:34:12,2026-08-02 16:29:18.002757,4,2.37,Wireless AP,Chicago,Engineer-02,Day,Investigating,Medium,False,Not Required,False,Intermittent connectivity reported by customer,Normal
INC-10438,Vertex Technologies,Technology,P2,P2,False,,2026-08-29 04:47:00,2026-08-29 04:59:00,2026-08-29 08:28:24,2026-08-29 20:19:03.305648,4,3.69,Catalyst 9300,Chicago,Engineer-08,Day,Escalated,Low,False,Not Required,False,High CPU utilization observed,Normal
INC-10439,Vertex Technologies,Technology,P3,P3,False,,2026-08-14 15:47:00,2026-08-14 16:10:00,2026-08-14 22:00:48,2026-08-15 11:45:44.414691,8,6.23,ISR Router,Dallas,Engineer-07,Day,Pending Customer,Low,False,Not Required,False,Intermittent connectivity reported by customer,Normal
INC-10440,Pioneer Energy,Energy,P3,P3,False,,2026-08-11 17:04:00,2026-08-11 17:17:00,2026-08-12 00:25:00,2026-08-12 11:00:38.981530,8,7.35,Firewall,Dallas,Engineer-10,Night,Investigating,Low,False,Not Required,False,Unexpected device restart,Normal
INC-10441,Summit Retail,Retail,P3,P3,False,,2026-08-17 07:37:00,2026-08-17 08:03:00,2026-08-17 12:53:12,2026-08-18 03:44:05.890996,8,5.27,Wireless AP,Charlotte,Engineer-01,Day,Pending Customer,Medium,False,Not Required,False,Unexpected device restart,Normal
INC-10442,Meridian Public Services,Public Sector,P3,P3,False,,2026-08-24 02:42:00,2026-08-24 03:02:00,2026-08-24 07:10:48,2026-08-24 12:46:05.293648,8,4.48,ISR Router,Charlotte,Engineer-07,Night,Escalated,Medium,False,Not Required,True,Customer unable to access network services,Normal
INC-10443,Orion Manufacturing,Manufacturing,P3,P3,False,,2026-08-22 05:11:00,2026-08-22 05:32:00,2026-08-22 09:18:12,2026-08-22 11:46:03.510541,8,4.12,Wireless AP,Chicago,Engineer-04,Day,Resolved,Low,False,Not Required,False,Intermittent connectivity reported by customer,Normal
INC-10444,Northstar Health,Healthcare,P4,P4,False,,2026-08-18 08:57:00,2026-08-18 09:06:00,2026-08-18 16:09:00,2026-08-19 13:14:42.001923,8,7.2,Firewall,Phoenix,Engineer-08,Night,Pending Customer,High,False,Not Required,True,Customer unable to access network services,Normal
INC-10445,Apex Financial,BFSI,P4,P1,True,2026-08-06 22:12:00,2026-08-06 20:07:00,2026-08-06 20:16:00,2026-08-07 01:26:24,2026-08-07 17:52:54.676331,4,3.24,Wireless AP,Minneapolis,Engineer-02,Day,Resolved,Low,False,Not Required,False,Hardware failure reported,Normal
INC-10446,Meridian Public Services,Public Sector,P4,P2,True,2026-08-11 09:45:00,2026-08-11 09:32:00,2026-08-11 09:53:00,2026-08-11 13:00:00,2026-08-11 23:19:42.712677,4,3.25,ISR Router,Boston,Engineer-03,Day,Investigating,Critical,False,Not Required,False,Interface flapping,Normal
INC-10447,Orion Manufacturing,Manufacturing,P4,P4,False,,2026-08-25 00:45:00,2026-08-25 01:06:00,2026-08-25 08:17:24,2026-08-25 11:14:23.636163,8,7.54,Catalyst 9500,Atlanta,Engineer-07,Night,Escalated,High,False,Not Required,False,Interface flapping,Normal
INC-10448,Meridian Public Services,Public Sector,P4,P2,True,2026-08-14 13:10:00,2026-08-14 12:56:00,2026-08-14 13:18:00,2026-08-14 16:45:24,2026-08-14 17:42:18.304934,4,3.59,Wireless AP,Austin,Engineer-07,Day,Closed,Medium,False,Not Required,False,Network performance degradation,Normal
INC-10449,Meridian Public Services,Public Sector,P4,P4,False,,2026-08-03 01:34:00,2026-08-03 01:49:00,2026-08-03 07:01:36,2026-08-04 00:33:39.308686,8,5.46,Wireless AP,Minneapolis,Engineer-04,Night,Closed,Critical,False,Not Required,False,Packet loss reported,Normal
INC-10450,BluePeak Telecom,Telecommunications,P1,P1,False,,2026-08-29 17:37:00,2026-08-29 17:46:00,2026-08-29 20:02:12,2026-08-30 14:50:32.264776,4,2.42,Catalyst 9500,Denver,Engineer-09,Night,Resolved,Medium,False,Not Required,False,Packet loss reported,Normal
INC-10451,Northstar Health,Healthcare,P3,P3,False,,2026-08-01 14:21:00,2026-08-01 14:33:00,2026-08-01 21:22:12,2026-08-02 21:07:01.206533,8,7.02,Catalyst 9300,Boston,Engineer-05,Night,Open,Low,False,Not Required,False,Intermittent connectivity reported by customer,Normal
INC-10452,Vertex Technologies,Technology,P2,P2,False,,2026-08-17 18:12:00,2026-08-17 18:22:00,2026-08-17 21:00:00,2026-08-18 01:22:14.609387,4,2.8,ISR Router,Chicago,Engineer-05,Day,Closed,Medium,False,Not Required,False,High CPU utilization observed,Normal
INC-10453,Northstar Health,Healthcare,P3,P3,False,,2026-08-19 17:33:00,2026-08-19 17:50:00,2026-08-20 00:49:12,2026-08-20 15:15:32.352790,8,7.27,Catalyst 9300,Charlotte,Engineer-03,Night,Investigating,Low,False,Not Required,False,Interface flapping,Normal
INC-10454,Pioneer Energy,Energy,P2,P2,False,,2026-08-23 16:55:00,2026-08-23 17:08:00,2026-08-23 19:07:36,2026-08-24 01:01:02.802226,4,2.21,Wireless AP,Atlanta,Engineer-03,Day,Escalated,Critical,False,Not Required,False,Unexpected device restart,Normal
INC-10455,Summit Retail,Retail,P1,P1,False,,2026-08-05 03:23:00,2026-08-05 03:32:00,2026-08-05 07:06:48,2026-08-05 15:05:17.934848,4,3.73,Catalyst 9300,Dallas,Engineer-07,Day,Open,High,False,Not Required,False,Packet loss reported,Normal
INC-10456,Meridian Public Services,Public Sector,P4,P4,False,,2026-08-04 17:22:00,2026-08-04 17:29:00,2026-08-05 00:37:36,2026-08-05 11:13:51.222777,8,7.26,Firewall,Charlotte,Engineer-01,Night,Pending Customer,Medium,False,Not Required,False,Wireless connectivity issue,Normal
INC-10457,Summit Retail,Retail,P4,P4,False,,2026-08-05 23:20:00,2026-08-05 23:27:00,2026-08-06 06:20:00,2026-08-06 22:37:00.791468,8,7.0,Wireless AP,Minneapolis,Engineer-10,Day,Investigating,Critical,False,Not Required,False,Configuration issue suspected,Normal
INC-10458,Orion Manufacturing,Manufacturing,P4,P4,False,,2026-08-19 20:50:00,2026-08-19 21:17:00,2026-08-20 01:59:36,2026-08-20 17:49:55.221305,8,5.16,ISR Router,Seattle,Engineer-01,Night,Closed,Low,False,Not Required,True,Device unreachable,Normal
INC-10459,Apex Financial,BFSI,P4,P4,False,,2026-08-31 00:17:00,2026-08-31 00:28:00,2026-08-31 05:12:12,2026-08-31 22:25:57.145750,8,4.92,Firewall,Seattle,Engineer-04,Night,Resolved,Low,False,Not Required,False,Intermittent connectivity reported by customer,Normal
INC-10460,Summit Retail,Retail,P2,P2,False,,2026-08-01 16:20:00,2026-08-01 16:31:00,2026-08-01 18:47:00,2026-08-01 22:25:12.574879,4,2.45,Wireless AP,Dallas,Engineer-01,Night,Open,Critical,True,Approved,False,Packet loss reported,Normal
INC-10461,Meridian Public Services,Public Sector,P2,P2,False,,2026-08-31 10:11:00,2026-08-31 10:16:00,2026-08-31 13:26:00,2026-08-31 21:17:16.415097,4,3.25,ISR Router,Denver,Engineer-03,Night,Escalated,Medium,True,Approved,False,Network performance degradation,Normal
INC-10462,Summit Retail,Retail,P3,P3,False,,2026-08-13 03:17:00,2026-08-13 03:23:00,2026-08-13 08:28:24,2026-08-13 22:11:42.425881,8,5.19,ISR Router,Charlotte,Engineer-02,Day,Investigating,Medium,True,Requested,False,Wireless connectivity issue,Normal
INC-10463,Vertex Technologies,Technology,P3,P3,False,,2026-08-03 20:32:00,2026-08-03 20:43:00,2026-08-04 03:28:24,2026-08-04 07:44:51.990124,8,6.94,Catalyst 9300,Chicago,Engineer-09,Day,Investigating,Medium,False,Not Required,False,Customer unable to access network services,Normal
INC-10464,Vertex Technologies,Technology,P4,P4,False,,2026-08-21 05:00:00,2026-08-21 05:06:00,2026-08-21 12:30:00,2026-08-22 00:35:25.022318,8,7.5,Firewall,Charlotte,Engineer-09,Night,Open,Critical,False,Not Required,False,Intermittent connectivity reported by customer,Normal
INC-10465,Orion Manufacturing,Manufacturing,P3,P3,False,,2026-08-04 04:46:00,2026-08-04 05:08:00,2026-08-04 12:31:00,2026-08-05 09:43:01.525569,8,7.75,ISR Router,Phoenix,Engineer-10,Night,Open,Low,False,Not Required,False,Network latency observed at site,Normal
INC-10466,Summit Retail,Retail,P3,P3,False,,2026-08-20 10:01:00,2026-08-20 10:28:00,2026-08-20 14:31:00,2026-08-21 12:43:42.944270,8,4.5,ISR Router,Chicago,Engineer-08,Night,Investigating,High,False,Not Required,True,Network performance degradation,Normal
INC-10467,Apex Financial,BFSI,P4,P4,False,,2026-08-03 17:01:00,2026-08-03 17:27:00,2026-08-03 22:41:12,2026-08-04 02:31:30.811015,8,5.67,Catalyst 9500,Charlotte,Engineer-09,Night,Escalated,Low,False,Not Required,False,Configuration issue suspected,Normal
INC-10468,Summit Retail,Retail,P3,P3,False,,2026-08-01 08:43:00,2026-08-01 09:10:00,2026-08-01 14:03:24,2026-08-01 17:07:33.227798,8,5.34,Wireless AP,Atlanta,Engineer-01,Day,Escalated,Medium,False,Not Required,False,Packet loss reported,Normal
INC-10469,Vertex Technologies,Technology,P1,P1,False,,2026-08-27 20:25:00,2026-08-27 20:31:00,2026-08-27 23:56:12,2026-08-28 14:01:33.664761,4,3.52,Catalyst 9500,Minneapolis,Engineer-06,Day,Pending Customer,Medium,False,Not Required,False,Interface flapping,Normal
INC-10470,Meridian Public Services,Public Sector,P4,P4,False,,2026-08-09 06:54:00,2026-08-09 07:20:00,2026-08-09 10:59:24,2026-08-10 10:17:44.330247,8,4.09,Catalyst 9300,Dallas,Engineer-03,Day,Investigating,Medium,False,Not Required,False,Device unreachable,Normal
INC-10471,Pioneer Energy,Energy,P3,P3,False,,2026-08-15 15:23:00,2026-08-15 15:44:00,2026-08-15 22:14:00,2026-08-16 19:33:38.842170,8,6.85,Catalyst 9300,Charlotte,Engineer-01,Night,Escalated,Critical,False,Not Required,False,High interface error rate detected,Normal
INC-10472,Orion Manufacturing,Manufacturing,P2,P2,False,,2026-08-19 00:47:00,2026-08-19 00:55:00,2026-08-19 04:29:36,2026-08-19 15:14:28.317269,4,3.71,Firewall,Minneapolis,Engineer-06,Day,Escalated,High,True,Approved,False,Wireless connectivity issue,Normal
INC-10473,Summit Retail,Retail,P3,P3,False,,2026-08-11 08:15:00,2026-08-11 08:23:00,2026-08-11 14:01:48,2026-08-12 13:04:56.860072,8,5.78,ISR Router,Denver,Engineer-02,Day,Escalated,Low,False,Not Required,False,High CPU utilization observed,Normal
INC-10474,Vertex Technologies,Technology,P3,P1,True,2026-08-30 01:31:00,2026-08-30 01:24:00,2026-08-30 01:36:00,2026-08-30 03:37:36,2026-08-30 22:57:53.651820,4,2.11,Catalyst 9300,Dallas,Engineer-10,Night,Open,Critical,True,Customer Return Pending,False,Network performance degradation,Normal
INC-10475,Northstar Health,Healthcare,P3,P3,False,,2026-08-14 07:55:00,2026-08-14 08:19:00,2026-08-14 14:52:00,2026-08-15 06:13:07.875353,8,6.95,Catalyst 9300,Austin,Engineer-09,Day,Pending Customer,Critical,False,Not Required,False,High interface error rate detected,Normal
INC-10476,Orion Manufacturing,Manufacturing,P3,P3,False,,2026-08-07 03:06:00,2026-08-07 03:11:00,2026-08-07 09:19:48,2026-08-07 11:53:00.682295,8,6.23,Firewall,Dallas,Engineer-02,Night,Closed,Low,False,Not Required,False,Network performance degradation,Normal
INC-10477,Meridian Public Services,Public Sector,P2,P2,False,,2026-08-05 01:03:00,2026-08-05 01:10:00,2026-08-05 03:36:00,2026-08-05 14:37:28.225011,4,2.55,Firewall,Chicago,Engineer-06,Night,Escalated,Critical,False,Not Required,False,Unexpected device restart,Normal
INC-10478,BluePeak Telecom,Telecommunications,P3,P3,False,,2026-08-17 18:42:00,2026-08-17 19:08:00,2026-08-17 23:14:24,2026-08-18 05:41:59.673033,8,4.54,Firewall,Seattle,Engineer-03,Day,Escalated,High,False,Not Required,False,Device unreachable,Normal
INC-10479,Apex Financial,BFSI,P3,P3,False,,2026-08-23 22:29:00,2026-08-23 22:53:00,2026-08-24 05:05:00,2026-08-25 01:40:46.318897,8,6.6,Wireless AP,Boston,Engineer-04,Day,Closed,Low,False,Not Required,False,Wireless connectivity issue,Normal
INC-10480,BluePeak Telecom,Telecommunications,P3,P3,False,,2026-08-21 07:44:00,2026-08-21 07:56:00,2026-08-21 13:29:00,2026-08-21 19:23:07.868429,8,5.75,Wireless AP,Boston,Engineer-03,Day,Escalated,Low,False,Not Required,False,Customer unable to access network services,Normal
INC-10481,Summit Retail,Retail,P2,P2,False,,2026-08-01 17:07:00,2026-08-01 17:14:00,2026-08-01 19:37:36,2026-08-02 01:05:52.605202,4,2.51,Wireless AP,Phoenix,Engineer-07,Day,Open,Low,False,Not Required,False,Packet loss reported,Normal
INC-10482,Apex Financial,BFSI,P4,P4,False,,2026-08-18 07:11:00,2026-08-18 07:22:00,2026-08-18 11:15:48,2026-08-19 07:38:58.581635,8,4.08,Catalyst 9300,Phoenix,Engineer-04,Night,Investigating,High,False,Not Required,True,Wireless connectivity issue,Normal
INC-10483,Meridian Public Services,Public Sector,P3,P3,False,,2026-08-06 16:51:00,2026-08-06 17:15:00,2026-08-07 00:09:36,2026-08-07 21:21:46.512858,8,7.31,Wireless AP,Denver,Engineer-06,Day,Pending Customer,Medium,True,Approved,False,Interface flapping,Normal
INC-10484,Meridian Public Services,Public Sector,P3,P3,False,,2026-08-08 01:48:00,2026-08-08 02:12:00,2026-08-08 08:00:00,2026-08-09 04:39:07.253850,8,6.2,Catalyst 9500,Phoenix,Engineer-09,Night,Closed,High,False,Not Required,False,Packet loss reported,Normal
INC-10485,Vertex Technologies,Technology,P4,P4,False,,2026-08-20 02:10:00,2026-08-20 02:31:00,2026-08-20 07:37:36,2026-08-21 04:55:20.548798,8,5.46,Catalyst 9300,Chicago,Engineer-03,Night,Investigating,Low,False,Not Required,False,Unexpected device restart,Normal
INC-10486,Pioneer Energy,Energy,P3,P3,False,,2026-08-30 18:41:00,2026-08-30 18:47:00,2026-08-30 23:27:48,2026-08-31 21:02:44.446958,8,4.78,Catalyst 9500,Boston,Engineer-06,Night,Closed,Critical,False,Not Required,False,Interface flapping,Normal
INC-10487,Vertex Technologies,Technology,P2,P2,False,,2026-08-03 09:28:00,2026-08-03 09:41:00,2026-08-03 12:05:12,2026-08-04 02:31:04.072208,4,2.62,ISR Router,Charlotte,Engineer-07,Day,Pending Customer,Low,False,Not Required,False,Device unreachable,Normal
INC-10488,Orion Manufacturing,Manufacturing,P3,P3,False,,2026-08-06 14:14:00,2026-08-06 14:27:00,2026-08-06 20:39:12,2026-08-07 05:54:44.895033,8,6.42,Wireless AP,Minneapolis,Engineer-07,Night,Pending Customer,Critical,True,Customer Return Pending,False,Customer unable to access network services,Normal
INC-10489,Northstar Health,Healthcare,P3,P3,False,,2026-08-22 10:16:00,2026-08-22 10:30:00,2026-08-22 17:03:24,2026-08-23 11:43:54.380319,8,6.79,ISR Router,Phoenix,Engineer-02,Day,Open,Low,False,Not Required,False,Packet loss reported,Normal
INC-10490,Meridian Public Services,Public Sector,P4,P4,False,,2026-08-13 18:48:00,2026-08-13 19:13:00,2026-08-13 22:50:24,2026-08-14 14:53:02.737630,8,4.04,Firewall,Chicago,Engineer-01,Night,Pending Customer,High,False,Not Required,False,High interface error rate detected,Normal
INC-10491,Orion Manufacturing,Manufacturing,P4,P4,False,,2026-08-26 02:20:00,2026-08-26 02:31:00,2026-08-26 07:56:36,2026-08-27 06:36:27.785593,8,5.61,Catalyst 9500,Phoenix,Engineer-04,Night,Investigating,Critical,False,Not Required,False,Configuration issue suspected,Normal
INC-10492,Apex Financial,BFSI,P3,P3,False,,2026-08-12 10:14:00,2026-08-12 10:32:00,2026-08-12 15:50:00,2026-08-13 10:08:37.448007,8,5.6,ISR Router,Atlanta,Engineer-10,Day,Pending Customer,Low,False,Not Required,False,Unexpected device restart,Normal
INC-10493,BluePeak Telecom,Telecommunications,P3,P3,False,,2026-08-30 19:36:00,2026-08-30 19:53:00,2026-08-31 03:16:48,2026-08-31 08:58:36.142416,8,7.68,ISR Router,Dallas,Engineer-01,Day,Investigating,High,False,Not Required,False,Network latency observed at site,Normal
INC-10494,Vertex Technologies,Technology,P2,P2,False,,2026-08-22 17:11:00,2026-08-22 17:16:00,2026-08-22 20:38:00,2026-08-23 11:30:38.531952,4,3.45,Wireless AP,Denver,Engineer-06,Night,Closed,Low,True,Approved,True,Device unreachable,Normal
INC-10495,Orion Manufacturing,Manufacturing,P3,P3,False,,2026-08-01 05:20:00,2026-08-01 05:38:00,2026-08-01 10:48:12,2026-08-02 10:33:50.476223,8,5.47,ISR Router,Phoenix,Engineer-04,Night,Closed,Low,True,Delivered,False,Configuration issue suspected,Normal
INC-10496,Northstar Health,Healthcare,P2,P2,False,,2026-08-19 09:37:00,2026-08-19 09:45:00,2026-08-19 12:29:48,2026-08-20 05:14:52.414931,4,2.88,Wireless AP,Phoenix,Engineer-03,Day,Pending Customer,Critical,False,Not Required,True,High CPU utilization observed,Normal
INC-10497,Meridian Public Services,Public Sector,P3,P3,False,,2026-08-24 02:18:00,2026-08-24 02:43:00,2026-08-24 09:36:00,2026-08-24 21:05:42.188469,8,7.3,Wireless AP,Denver,Engineer-07,Day,Resolved,Critical,False,Not Required,False,Packet loss reported,Normal
INC-10498,BluePeak Telecom,Telecommunications,P3,P3,False,,2026-08-06 22:36:00,2026-08-06 22:44:00,2026-08-07 04:04:48,2026-08-08 02:49:50.913523,8,5.48,Wireless AP,Dallas,Engineer-03,Night,Investigating,Critical,False,Not Required,False,Network latency observed at site,Normal
INC-10499,BluePeak Telecom,Telecommunications,P4,P1,True,2026-08-17 10:39:00,2026-08-17 10:26:00,2026-08-17 10:45:00,2026-08-17 13:32:24,2026-08-18 00:57:11.467903,4,2.89,Firewall,Chicago,Engineer-02,Day,Escalated,Low,True,Shipment Delayed,False,High CPU utilization observed,Normal
INC-10500,Pioneer Energy,Energy,P3,P3,False,,2026-08-05 10:42:00,2026-08-05 11:10:00,2026-08-05 16:26:24,2026-08-06 04:03:04.359434,8,5.74,Wireless AP,Boston,Engineer-07,Day,Escalated,Low,True,Shipment Delayed,False,Intermittent connectivity reported by customer,Normal
INC-10501,Pioneer Energy,Energy,P3,P3,False,,2026-08-04 17:47:00,2026-08-04 18:04:00,2026-08-04 22:24:48,2026-08-05 14:51:19.270510,8,4.63,Catalyst 9500,Minneapolis,Engineer-05,Day,Investigating,Low,True,Shipped,False,High interface error rate detected,Normal
INC-10502,Summit Retail,Retail,P4,P4,False,,2026-08-21 21:45:00,2026-08-21 22:11:00,2026-08-22 05:06:36,2026-08-22 15:05:39.202612,8,7.36,Catalyst 9500,Phoenix,Engineer-01,Day,Escalated,Low,False,Not Required,True,Unexpected device restart,Normal
INC-10503,Apex Financial,BFSI,P2,P2,False,,2026-08-14 00:00:00,2026-08-14 00:10:00,2026-08-14 03:26:24,2026-08-14 20:04:44.648726,4,3.44,Catalyst 9300,Charlotte,Engineer-04,Day,Pending Customer,Medium,True,Requested,False,Wireless connectivity issue,Normal
INC-10504,Meridian Public Services,Public Sector,P3,P3,False,,2026-08-13 13:07:00,2026-08-13 13:19:00,2026-08-13 17:55:00,2026-08-14 03:07:04.519786,8,4.8,Catalyst 9500,Austin,Engineer-07,Day,Pending Customer,Medium,False,Not Required,False,Packet loss reported,Normal
INC-10505,Summit Retail,Retail,P3,P3,False,,2026-08-03 06:26:00,2026-08-03 06:40:00,2026-08-03 13:18:48,2026-08-04 01:48:12.894836,8,6.88,Catalyst 9300,Charlotte,Engineer-04,Night,Investigating,High,False,Not Required,False,Switch rebooting unexpectedly,Normal
INC-10506,Meridian Public Services,Public Sector,P4,P4,False,,2026-08-23 04:21:00,2026-08-23 04:31:00,2026-08-23 10:43:48,2026-08-24 08:03:40.470265,8,6.38,ISR Router,Denver,Engineer-10,Night,Closed,Critical,False,Not Required,False,Unexpected device restart,Normal
INC-10507,Pioneer Energy,Energy,P3,P3,False,,2026-08-01 07:01:00,2026-08-01 07:25:00,2026-08-01 13:52:00,2026-08-01 17:43:11.850276,8,6.85,Catalyst 9300,Boston,Engineer-01,Night,Escalated,Medium,False,Not Required,False,Configuration issue suspected,Normal
INC-10508,Vertex Technologies,Technology,P3,P3,False,,2026-08-21 01:15:00,2026-08-21 01:43:00,2026-08-21 07:29:24,2026-08-22 06:14:42.573981,8,6.24,Firewall,Denver,Engineer-01,Day,Pending Customer,High,False,Not Required,False,Interface flapping,Normal
INC-10509,BluePeak Telecom,Telecommunications,P4,P4,False,,2026-08-24 10:21:00,2026-08-24 10:33:00,2026-08-24 15:07:12,2026-08-24 17:21:49.325647,8,4.77,ISR Router,Austin,Engineer-09,Night,Closed,High,False,Not Required,False,High interface error rate detected,Normal
INC-10510,Vertex Technologies,Technology,P2,P2,False,,2026-08-16 02:12:00,2026-08-16 02:17:00,2026-08-16 05:18:36,2026-08-16 09:33:54.850500,4,3.11,Firewall,Charlotte,Engineer-09,Night,Investigating,Low,False,Not Required,True,Interface flapping,Normal
INC-10511,Vertex Technologies,Technology,P2,P2,False,,2026-08-07 07:27:00,2026-08-07 07:34:00,2026-08-07 10:30:36,2026-08-07 18:28:52.738562,4,3.06,Catalyst 9500,Seattle,Engineer-02,Night,Closed,High,False,Not Required,False,Interface flapping,Normal
INC-10512,Vertex Technologies,Technology,P3,P3,False,,2026-08-20 23:27:00,2026-08-20 23:36:00,2026-08-21 06:31:12,2026-08-22 01:46:18.652176,8,7.07,ISR Router,Minneapolis,Engineer-02,Night,Escalated,Medium,True,Delivered,False,High CPU utilization observed,Normal
INC-10513,Northstar Health,Healthcare,P3,P3,False,,2026-08-15 09:24:00,2026-08-15 09:46:00,2026-08-15 15:40:12,2026-08-15 18:19:28.602994,8,6.27,ISR Router,Dallas,Engineer-09,Day,Resolved,Medium,True,Delivered,False,Unexpected device restart,Normal
INC-10514,Vertex Technologies,Technology,P4,P4,False,,2026-08-12 12:31:00,2026-08-12 12:45:00,2026-08-12 18:55:00,2026-08-13 09:26:51.985650,8,6.4,Catalyst 9300,Austin,Engineer-09,Night,Escalated,Critical,False,Not Required,True,High CPU utilization observed,Normal
INC-10515,Northstar Health,Healthcare,P3,P3,False,,2026-08-23 11:44:00,2026-08-23 11:50:00,2026-08-23 18:10:24,2026-08-24 16:28:59.753024,8,6.44,Wireless AP,Dallas,Engineer-03,Day,Escalated,High,False,Not Required,False,Device unreachable,Normal
INC-10516,Apex Financial,BFSI,P3,P3,False,,2026-08-31 21:53:00,2026-08-31 22:03:00,2026-09-01 01:56:00,2026-09-01 20:39:56.496961,8,4.05,ISR Router,Austin,Engineer-03,Night,Resolved,Medium,False,Not Required,False,Interface flapping,Normal
INC-10517,Orion Manufacturing,Manufacturing,P3,P3,False,,2026-08-31 17:42:00,2026-08-31 17:59:00,2026-08-31 23:54:00,2026-09-01 17:46:49.688580,8,6.2,Firewall,Denver,Engineer-09,Day,Escalated,Critical,False,Not Required,False,Network latency observed at site,Normal
INC-10518,Northstar Health,Healthcare,P4,P4,False,,2026-08-10 00:10:00,2026-08-10 00:30:00,2026-08-10 04:10:36,2026-08-10 06:46:58.875783,8,4.01,Catalyst 9300,Dallas,Engineer-06,Day,Pending Customer,Medium,False,Not Required,False,Unexpected device restart,Normal
INC-10519,BluePeak Telecom,Telecommunications,P2,P2,False,,2026-08-06 16:07:00,2026-08-06 16:19:00,2026-08-06 19:06:24,2026-08-07 00:59:45.075302,4,2.99,Wireless AP,Atlanta,Engineer-03,Night,Investigating,Medium,False,Not Required,False,Unexpected device restart,Normal
INC-10520,Vertex Technologies,Technology,P3,P3,False,,2026-08-09 02:21:00,2026-08-09 02:26:00,2026-08-09 08:33:00,2026-08-09 20:32:29.881426,8,6.2,ISR Router,Charlotte,Engineer-08,Day,Closed,Low,False,Not Required,True,Network latency observed at site,Normal
INC-10521,Apex Financial,BFSI,P3,P3,False,,2026-08-31 08:59:00,2026-08-31 09:19:00,2026-08-31 14:45:12,2026-08-31 23:30:18.081370,8,5.77,ISR Router,Austin,Engineer-10,Day,Open,Low,False,Not Required,False,Wireless connectivity issue,Normal
INC-10522,Summit Retail,Retail,P4,P4,False,,2026-08-26 03:00:00,2026-08-26 03:19:00,2026-08-26 10:15:36,2026-08-26 20:30:05.731933,8,7.26,ISR Router,Phoenix,Engineer-06,Night,Escalated,Low,False,Not Required,False,Hardware failure reported,Normal
INC-10523,Apex Financial,BFSI,P3,P3,False,,2026-08-22 15:32:00,2026-08-22 15:50:00,2026-08-22 22:00:48,2026-08-22 23:05:07.090278,8,6.48,Firewall,Denver,Engineer-09,Night,Closed,Medium,False,Not Required,False,Customer unable to access network services,Normal
INC-10524,Summit Retail,Retail,P3,P3,False,,2026-08-20 02:22:00,2026-08-20 02:40:00,2026-08-20 09:53:12,2026-08-21 08:32:26.346203,8,7.52,Catalyst 9300,Boston,Engineer-01,Night,Closed,Medium,False,Not Required,False,Interface flapping,Normal
INC-10525,Northstar Health,Healthcare,P2,P2,False,,2026-08-26 02:19:00,2026-08-26 02:32:00,2026-08-26 06:02:48,2026-08-26 17:46:59.292154,4,3.73,Wireless AP,Chicago,Engineer-10,Day,Closed,Low,False,Not Required,False,Network latency observed at site,Normal
INC-10526,Pioneer Energy,Energy,P2,P2,False,,2026-08-23 00:10:00,2026-08-23 00:20:00,2026-08-23 03:44:48,2026-08-23 22:22:18.370613,4,3.58,Firewall,Phoenix,Engineer-04,Day,Investigating,Low,False,Not Required,False,Customer unable to access network services,Normal
INC-10527,Pioneer Energy,Energy,P4,P4,False,,2026-08-25 19:04:00,2026-08-25 19:29:00,2026-08-26 00:21:24,2026-08-26 22:17:25.838011,8,5.29,Catalyst 9300,Atlanta,Engineer-09,Night,Open,High,False,Not Required,False,Customer unable to access network services,Normal
INC-10528,Orion Manufacturing,Manufacturing,P2,P2,False,,2026-08-24 18:59:00,2026-08-24 19:07:00,2026-08-24 22:17:00,2026-08-25 01:57:13.595335,4,3.3,Catalyst 9500,Phoenix,Engineer-05,Day,Pending Customer,Low,False,Not Required,False,Switch rebooting unexpectedly,Normal
INC-10529,Orion Manufacturing,Manufacturing,P4,P4,False,,2026-08-11 11:51:00,2026-08-11 12:17:00,2026-08-11 19:21:00,2026-08-11 23:15:18.249797,8,7.5,Firewall,Austin,Engineer-05,Day,Resolved,Medium,False,Not Required,False,Configuration issue suspected,Normal
INC-10530,Northstar Health,Healthcare,P4,P4,False,,2026-08-15 04:38:00,2026-08-15 04:52:00,2026-08-15 09:11:00,2026-08-16 01:29:11.038313,8,4.55,Wireless AP,Austin,Engineer-09,Night,Pending Customer,High,False,Not Required,False,Network latency observed at site,Normal
INC-10531,Summit Retail,Retail,P3,P3,False,,2026-08-10 22:24:00,2026-08-10 22:30:00,2026-08-11 06:04:48,2026-08-11 14:44:32.368466,8,7.68,ISR Router,Seattle,Engineer-02,Night,Closed,Critical,False,Not Required,False,Hardware failure reported,Normal
INC-10532,Vertex Technologies,Technology,P4,P4,False,,2026-08-11 13:43:00,2026-08-11 14:03:00,2026-08-11 21:25:36,2026-08-12 15:51:14.734522,8,7.71,Catalyst 9300,Atlanta,Engineer-08,Night,Pending Customer,Medium,False,Not Required,False,High interface error rate detected,Normal
INC-10533,BluePeak Telecom,Telecommunications,P4,P4,False,,2026-08-26 01:54:00,2026-08-26 02:21:00,2026-08-26 07:02:24,2026-08-26 23:05:47.693974,8,5.14,ISR Router,Phoenix,Engineer-09,Night,Open,High,False,Not Required,False,Network latency observed at site,Normal
INC-10534,Pioneer Energy,Energy,P3,P3,False,,2026-08-04 21:50:00,2026-08-04 21:59:00,2026-08-05 03:14:36,2026-08-06 02:50:43.605109,8,5.41,ISR Router,Atlanta,Engineer-04,Day,Closed,Low,False,Not Required,False,Wireless connectivity issue,Normal
INC-10535,Apex Financial,BFSI,P3,P3,False,,2026-08-21 23:25:00,2026-08-21 23:37:00,2026-08-22 03:32:48,2026-08-22 10:05:10.828867,8,4.13,Catalyst 9300,Boston,Engineer-08,Day,Open,High,False,Not Required,False,Switch rebooting unexpectedly,Normal
INC-10536,Meridian Public Services,Public Sector,P3,P1,True,2026-08-04 15:53:00,2026-08-04 15:41:00,2026-08-04 15:56:00,2026-08-04 18:54:48,2026-08-05 18:25:20.524991,4,3.03,Wireless AP,Denver,Engineer-08,Night,Pending Customer,Critical,False,Not Required,False,Network performance degradation,Normal
INC-10537,Northstar Health,Healthcare,P3,P2,True,2026-08-04 02:03:00,2026-08-03 22:58:00,2026-08-03 23:09:00,2026-08-04 05:28:12,2026-08-04 03:50:27.000964,4,3.42,Firewall,Atlanta,Engineer-07,Night,Closed,Critical,False,Not Required,False,Unexpected device restart,Normal
INC-10538,Pioneer Energy,Energy,P2,P2,False,,2026-08-20 22:11:00,2026-08-20 22:16:00,2026-08-21 01:09:12,2026-08-21 20:33:54.474068,4,2.97,Catalyst 9300,Seattle,Engineer-10,Day,Investigating,Low,True,Approved,False,Network performance degradation,Normal
INC-10539,Meridian Public Services,Public Sector,P3,P3,False,,2026-08-14 21:00:00,2026-08-14 21:12:00,2026-08-15 02:07:48,2026-08-16 00:53:34.570196,8,5.13,Catalyst 9300,Seattle,Engineer-05,Day,Open,High,False,Not Required,False,Switch rebooting unexpectedly,Normal
INC-10540,Pioneer Energy,Energy,P4,P4,False,,2026-08-02 07:02:00,2026-08-02 07:13:00,2026-08-02 11:33:48,2026-08-03 08:15:11.852286,8,4.53,Catalyst 9500,Dallas,Engineer-08,Night,Resolved,Medium,False,Not Required,False,Packet loss reported,Normal
INC-10541,Vertex Technologies,Technology,P2,P2,False,,2026-08-09 08:24:00,2026-08-09 08:31:00,2026-08-09 11:06:00,2026-08-09 14:00:53.437503,4,2.7,Firewall,Boston,Engineer-05,Day,Closed,Critical,False,Not Required,False,Hardware failure reported,Normal
INC-10542,Meridian Public Services,Public Sector,P4,P4,False,,2026-08-21 16:38:00,2026-08-21 16:48:00,2026-08-21 22:12:12,2026-08-22 02:44:01.088747,8,5.57,Firewall,Phoenix,Engineer-02,Night,Closed,Medium,False,Not Required,False,Unexpected device restart,Normal
INC-10543,Apex Financial,BFSI,P4,P4,False,,2026-08-11 20:05:00,2026-08-11 20:21:00,2026-08-12 03:29:36,2026-08-12 22:23:20.274747,8,7.41,Firewall,Phoenix,Engineer-02,Night,Open,Low,True,Approved,False,Configuration issue suspected,Normal
INC-10544,Northstar Health,Healthcare,P3,P3,False,,2026-08-04 16:22:00,2026-08-04 16:49:00,2026-08-04 22:31:00,2026-08-05 06:00:09.328718,8,6.15,Wireless AP,Phoenix,Engineer-07,Day,Open,High,False,Not Required,True,Network latency observed at site,Normal
INC-10545,Apex Financial,BFSI,P3,P1,True,2026-08-22 16:54:00,2026-08-22 16:45:00,2026-08-22 16:59:00,2026-08-22 19:33:36,2026-08-23 13:19:28.972634,4,2.66,Catalyst 9500,Boston,Engineer-07,Day,Pending Customer,Critical,True,Shipment Delayed,False,Customer unable to access network services,Normal
INC-10546,Summit Retail,Retail,P4,P4,False,,2026-08-09 13:33:00,2026-08-09 14:00:00,2026-08-09 20:51:36,2026-08-10 16:34:57.125146,8,7.31,Catalyst 9500,Dallas,Engineer-07,Night,Investigating,High,False,Not Required,False,Interface flapping,Normal
INC-10547,BluePeak Telecom,Telecommunications,P4,P4,False,,2026-08-02 02:47:00,2026-08-02 03:01:00,2026-08-02 08:51:48,2026-08-02 21:11:56.024148,8,6.08,Wireless AP,Boston,Engineer-02,Day,Open,Medium,False,Not Required,False,Unexpected device restart,Normal
INC-10548,Orion Manufacturing,Manufacturing,P3,P3,False,,2026-08-30 23:00:00,2026-08-30 23:27:00,2026-08-31 04:35:24,2026-08-31 17:52:46.095340,8,5.59,Firewall,Atlanta,Engineer-08,Night,Resolved,Low,False,Not Required,False,Network performance degradation,Normal
INC-10549,Apex Financial,BFSI,P4,P4,False,,2026-08-31 01:27:00,2026-08-31 01:47:00,2026-08-31 06:52:12,2026-08-31 16:27:19.890271,8,5.42,Firewall,Minneapolis,Engineer-03,Day,Investigating,High,True,Shipment Delayed,False,Switch rebooting unexpectedly,Normal
INC-10550,Northstar Health,Healthcare,P4,P4,False,,2026-08-07 09:59:00,2026-08-07 10:24:00,2026-08-07 15:54:48,2026-08-08 13:27:42.998630,8,5.93,ISR Router,Chicago,Engineer-08,Night,Pending Customer,Low,False,Not Required,False,Wireless connectivity issue,Normal
INC-10551,Pioneer Energy,Energy,P2,P2,False,,2026-08-12 23:11:00,2026-08-12 23:22:00,2026-08-13 01:48:12,2026-08-13 05:08:02.768084,4,2.62,Catalyst 9300,Boston,Engineer-01,Night,Pending Customer,High,False,Not Required,True,Device unreachable,Normal
INC-10552,Meridian Public Services,Public Sector,P3,P3,False,,2026-08-10 11:27:00,2026-08-10 11:37:00,2026-08-10 17:27:36,2026-08-11 00:39:29.082661,8,6.01,Wireless AP,Denver,Engineer-08,Day,Investigating,High,False,Not Required,False,Customer unable to access network services,Normal
INC-10553,Pioneer Energy,Energy,P2,P2,False,,2026-08-10 01:08:00,2026-08-10 01:19:00,2026-08-10 03:52:24,2026-08-10 12:29:28.478693,4,2.74,Catalyst 9500,Atlanta,Engineer-06,Night,Open,Medium,True,Shipment Delayed,False,Packet loss reported,Normal
INC-10554,Pioneer Energy,Energy,P3,P3,False,,2026-08-29 12:32:00,2026-08-29 13:00:00,2026-08-29 19:59:36,2026-08-30 16:23:01.609247,8,7.46,ISR Router,Denver,Engineer-07,Night,Resolved,Medium,False,Not Required,True,Interface flapping,Normal
INC-10555,Northstar Health,Healthcare,P2,P2,False,,2026-08-27 10:27:00,2026-08-27 10:32:00,2026-08-27 13:12:36,2026-08-27 20:52:03.836885,4,2.76,Catalyst 9300,Atlanta,Engineer-03,Night,Resolved,Medium,False,Not Required,False,Intermittent connectivity reported by customer,Normal
INC-10556,Vertex Technologies,Technology,P4,P4,False,,2026-08-08 21:52:00,2026-08-08 22:10:00,2026-08-09 02:36:24,2026-08-09 19:51:18.962436,8,4.74,Firewall,Atlanta,Engineer-09,Day,Investigating,Low,False,Not Required,False,Device unreachable,Normal
INC-10557,Meridian Public Services,Public Sector,P1,P1,False,,2026-08-07 04:27:00,2026-08-07 04:32:00,2026-08-07 07:31:48,2026-08-07 10:37:17.453638,4,3.08,Catalyst 9500,Dallas,Engineer-03,Day,Open,Critical,True,Delivered,False,Network latency observed at site,Normal
INC-10558,Vertex Technologies,Technology,P3,P3,False,,2026-08-09 11:17:00,2026-08-09 11:33:00,2026-08-09 17:57:12,2026-08-10 00:38:01.003128,8,6.67,Catalyst 9500,Boston,Engineer-07,Night,Open,Critical,False,Not Required,False,Configuration issue suspected,Normal
INC-10559,Apex Financial,BFSI,P3,P3,False,,2026-08-16 11:21:00,2026-08-16 11:35:00,2026-08-16 15:46:12,2026-08-17 08:09:20.856339,8,4.42,Catalyst 9300,Boston,Engineer-04,Night,Escalated,Low,False,Not Required,False,Device unreachable,Normal
INC-10560,Meridian Public Services,Public Sector,P3,P3,False,,2026-08-29 03:08:00,2026-08-29 03:33:00,2026-08-29 09:54:48,2026-08-29 13:40:53.339951,8,6.78,ISR Router,Boston,Engineer-06,Night,Investigating,High,False,Not Required,False,Network performance degradation,Normal
INC-10561,Vertex Technologies,Technology,P3,P3,False,,2026-08-25 06:34:00,2026-08-25 07:02:00,2026-08-25 11:08:48,2026-08-25 15:05:12.485026,8,4.58,Catalyst 9500,Minneapolis,Engineer-02,Day,Resolved,High,False,Not Required,False,Hardware failure reported,Normal
INC-10562,Summit Retail,Retail,P3,P3,False,,2026-08-26 00:10:00,2026-08-26 00:34:00,2026-08-26 05:11:48,2026-08-27 04:26:55.918738,8,5.03,ISR Router,Minneapolis,Engineer-02,Night,Open,Critical,False,Not Required,False,Interface flapping,Normal
INC-10563,Apex Financial,BFSI,P3,P3,False,,2026-08-20 08:13:00,2026-08-20 08:23:00,2026-08-20 12:13:36,2026-08-21 02:22:49.152555,8,4.01,Catalyst 9500,Charlotte,Engineer-08,Day,Investigating,Critical,False,Not Required,True,Interface flapping,Normal
INC-10564,Pioneer Energy,Energy,P3,P3,False,,2026-08-02 17:15:00,2026-08-02 17:29:00,2026-08-02 21:24:00,2026-08-03 01:48:25.948641,8,4.15,Firewall,Seattle,Engineer-05,Night,Investigating,High,False,Not Required,False,Device unreachable,Normal
INC-10565,BluePeak Telecom,Telecommunications,P3,P3,False,,2026-08-11 02:45:00,2026-08-11 03:07:00,2026-08-11 07:44:24,2026-08-11 11:48:47.040494,8,4.99,Catalyst 9300,Phoenix,Engineer-04,Day,Open,High,False,Not Required,False,Network performance degradation,Normal
INC-10566,Apex Financial,BFSI,P3,P3,False,,2026-08-25 18:06:00,2026-08-25 18:34:00,2026-08-26 00:54:00,2026-08-26 10:41:08.024941,8,6.8,Catalyst 9300,Boston,Engineer-04,Night,Investigating,Low,False,Not Required,False,Device unreachable,Normal
INC-10567,Vertex Technologies,Technology,P2,P2,False,,2026-08-08 23:46:00,2026-08-08 23:57:00,2026-08-09 02:25:00,2026-08-10 00:09:59.522272,4,2.65,Wireless AP,Phoenix,Engineer-06,Night,Investigating,Critical,True,Approved,False,Hardware failure reported,Normal
INC-10568,Meridian Public Services,Public Sector,P3,P3,False,,2026-08-27 12:43:00,2026-08-27 13:07:00,2026-08-27 17:25:00,2026-08-27 21:43:03.651405,8,4.7,Catalyst 9500,Dallas,Engineer-08,Day,Closed,Low,False,Not Required,False,Device unreachable,Normal
INC-10569,Orion Manufacturing,Manufacturing,P3,P1,True,2026-08-25 21:11:00,2026-08-25 20:59:00,2026-08-25 21:15:00,2026-08-25 23:39:12,2026-08-26 22:02:27.946826,4,2.47,Catalyst 9300,Seattle,Engineer-03,Day,Resolved,Critical,False,Not Required,False,Switch rebooting unexpectedly,Normal
INC-10570,Apex Financial,BFSI,P4,P4,False,,2026-08-27 05:19:00,2026-08-27 05:34:00,2026-08-27 11:07:00,2026-08-27 17:43:27.373485,8,5.8,Catalyst 9300,Seattle,Engineer-06,Day,Investigating,Critical,False,Not Required,False,Network latency observed at site,Normal
INC-10571,Northstar Health,Healthcare,P2,P2,False,,2026-08-30 07:01:00,2026-08-30 07:09:00,2026-08-30 09:46:00,2026-08-30 14:09:22.775041,4,2.75,Catalyst 9300,Austin,Engineer-02,Night,Open,Critical,False,Not Required,False,Configuration issue suspected,Normal
INC-10572,Orion Manufacturing,Manufacturing,P3,P3,False,,2026-08-04 11:59:00,2026-08-04 12:06:00,2026-08-04 19:20:36,2026-08-05 10:14:49.128428,8,7.36,Catalyst 9300,Minneapolis,Engineer-03,Day,Investigating,High,False,Not Required,False,Switch rebooting unexpectedly,Normal
INC-10573,Meridian Public Services,Public Sector,P4,P4,False,,2026-08-30 08:51:00,2026-08-30 09:18:00,2026-08-30 15:51:00,2026-08-31 10:59:37.287265,8,7.0,Wireless AP,Atlanta,Engineer-05,Night,Pending Customer,High,False,Not Required,False,Switch rebooting unexpectedly,Normal
INC-10574,Meridian Public Services,Public Sector,P4,P2,True,2026-08-31 23:32:00,2026-08-31 23:17:00,2026-08-31 23:37:00,2026-09-01 01:51:12,2026-09-01 11:27:31.440525,4,2.32,ISR Router,Atlanta,Engineer-07,Night,Closed,Critical,False,Not Required,False,Customer unable to access network services,Normal
INC-10575,Orion Manufacturing,Manufacturing,P3,P3,False,,2026-08-18 07:24:00,2026-08-18 07:31:00,2026-08-18 13:34:48,2026-08-19 00:16:56.415016,8,6.18,Firewall,Boston,Engineer-03,Day,Escalated,Critical,False,Not Required,False,High CPU utilization observed,Normal
INC-10576,Vertex Technologies,Technology,P3,P3,False,,2026-08-05 03:03:00,2026-08-05 03:19:00,2026-08-05 08:24:00,2026-08-06 04:56:04.451171,8,5.35,Catalyst 9300,Phoenix,Engineer-06,Day,Investigating,Low,False,Not Required,False,High interface error rate detected,Normal
INC-10577,Pioneer Energy,Energy,P2,P2,False,,2026-08-05 03:44:00,2026-08-05 03:51:00,2026-08-05 06:23:36,2026-08-05 07:59:57.521863,4,2.66,Catalyst 9500,Seattle,Engineer-07,Day,Investigating,Medium,False,Not Required,False,High interface error rate detected,Normal
INC-10578,Northstar Health,Healthcare,P2,P2,False,,2026-08-08 02:00:00,2026-08-08 02:11:00,2026-08-08 04:15:36,2026-08-08 09:27:20.749555,4,2.26,Firewall,Denver,Engineer-08,Day,Open,High,False,Not Required,False,Network latency observed at site,Normal
INC-10579,BluePeak Telecom,Telecommunications,P3,P3,False,,2026-08-29 20:02:00,2026-08-29 20:26:00,2026-08-30 02:51:12,2026-08-30 15:25:44.861007,8,6.82,Wireless AP,Charlotte,Engineer-06,Night,Closed,Low,True,Delivered,False,Unexpected device restart,Normal
INC-10580,Pioneer Energy,Energy,P4,P4,False,,2026-08-03 16:24:00,2026-08-03 16:33:00,2026-08-03 23:11:24,2026-08-04 09:23:57.320697,8,6.79,Firewall,Chicago,Engineer-10,Night,Closed,Critical,True,Delivered,False,Wireless connectivity issue,Normal
INC-10581,Northstar Health,Healthcare,P4,P4,False,,2026-08-07 08:06:00,2026-08-07 08:14:00,2026-08-07 12:23:24,2026-08-08 03:15:48.145835,8,4.29,Wireless AP,Minneapolis,Engineer-06,Night,Escalated,Low,False,Not Required,True,Network latency observed at site,Normal
INC-10582,BluePeak Telecom,Telecommunications,P4,P4,False,,2026-08-18 06:40:00,2026-08-18 06:46:00,2026-08-18 11:34:00,2026-08-18 14:31:21.258568,8,4.9,Catalyst 9500,Seattle,Engineer-02,Day,Investigating,Low,False,Not Required,True,Hardware failure reported,Normal
INC-10583,Pioneer Energy,Energy,P4,P4,False,,2026-08-17 06:20:00,2026-08-17 06:37:00,2026-08-17 13:03:12,2026-08-18 12:27:06.841516,8,6.72,Catalyst 9300,Austin,Engineer-06,Day,Pending Customer,High,False,Not Required,True,Intermittent connectivity reported by customer,Normal
INC-10584,Orion Manufacturing,Manufacturing,P3,P3,False,,2026-08-02 09:10:00,2026-08-02 09:19:00,2026-08-02 15:43:36,2026-08-02 18:32:16.736773,8,6.56,Firewall,Denver,Engineer-09,Day,Open,Critical,False,Not Required,False,Hardware failure reported,Normal
INC-10585,Vertex Technologies,Technology,P3,P3,False,,2026-08-28 13:02:00,2026-08-28 13:29:00,2026-08-28 19:56:00,2026-08-29 05:50:56.117695,8,6.9,Catalyst 9500,Atlanta,Engineer-03,Night,Escalated,Medium,False,Not Required,False,Customer unable to access network services,Normal
INC-10586,Northstar Health,Healthcare,P3,P3,False,,2026-08-26 02:31:00,2026-08-26 02:39:00,2026-08-26 08:13:36,2026-08-26 13:07:48.620525,8,5.71,Catalyst 9500,Dallas,Engineer-08,Day,Open,High,False,Not Required,True,Network latency observed at site,Normal
INC-10587,Summit Retail,Retail,P3,P3,False,,2026-08-09 14:41:00,2026-08-09 14:50:00,2026-08-09 22:12:12,2026-08-10 21:33:07.157440,8,7.52,ISR Router,Denver,Engineer-02,Day,Closed,Critical,False,Not Required,False,Customer unable to access network services,Normal
INC-10588,BluePeak Telecom,Telecommunications,P3,P3,False,,2026-08-17 14:16:00,2026-08-17 14:42:00,2026-08-17 18:25:36,2026-08-18 17:54:27.339575,8,4.16,Wireless AP,Charlotte,Engineer-10,Day,Escalated,High,True,Approved,False,Packet loss reported,Normal
INC-10589,Apex Financial,BFSI,P4,P4,False,,2026-08-28 14:42:00,2026-08-28 14:49:00,2026-08-28 20:00:36,2026-08-29 07:47:06.864196,8,5.31,Catalyst 9500,Denver,Engineer-05,Night,Investigating,Critical,False,Not Required,False,Hardware failure reported,Normal
INC-10590,Northstar Health,Healthcare,P3,P3,False,,2026-08-20 15:13:00,2026-08-20 15:40:00,2026-08-20 21:59:48,2026-08-21 01:37:34.228770,8,6.78,Catalyst 9300,Atlanta,Engineer-02,Night,Escalated,Critical,False,Not Required,False,Wireless connectivity issue,Normal
INC-10591,Pioneer Energy,Energy,P2,P2,False,,2026-08-26 11:50:00,2026-08-26 12:01:00,2026-08-26 15:32:36,2026-08-26 21:27:07.244813,4,3.71,Catalyst 9500,Phoenix,Engineer-06,Day,Resolved,Critical,False,Not Required,True,Customer unable to access network services,Normal
INC-10592,Orion Manufacturing,Manufacturing,P3,P3,False,,2026-08-23 14:55:00,2026-08-23 15:13:00,2026-08-23 20:53:12,2026-08-24 13:17:18.556294,8,5.97,ISR Router,Chicago,Engineer-03,Day,Investigating,High,False,Not Required,False,Switch rebooting unexpectedly,Normal
INC-10593,Northstar Health,Healthcare,P3,P3,False,,2026-08-26 05:44:00,2026-08-26 06:02:00,2026-08-26 11:03:48,2026-08-27 04:00:00.238964,8,5.33,Wireless AP,Boston,Engineer-05,Day,Investigating,Critical,False,Not Required,True,Packet loss reported,Normal
INC-10594,Vertex Technologies,Technology,P1,P1,False,,2026-08-29 14:59:00,2026-08-29 15:06:00,2026-08-29 17:51:12,2026-08-30 02:07:50.568972,4,2.87,Catalyst 9300,Dallas,Engineer-10,Day,Pending Customer,High,False,Not Required,False,Network performance degradation,Normal
INC-10595,BluePeak Telecom,Telecommunications,P1,P1,False,,2026-08-24 06:26:00,2026-08-24 06:39:00,2026-08-24 09:47:36,2026-08-25 00:36:54.110172,4,3.36,Firewall,Austin,Engineer-08,Day,Closed,Low,False,Not Required,False,Interface flapping,Normal
INC-10596,Vertex Technologies,Technology,P3,P3,False,,2026-08-23 15:41:00,2026-08-23 16:00:00,2026-08-23 21:14:00,2026-08-24 06:19:23.159411,8,5.55,Firewall,Austin,Engineer-06,Night,Open,High,False,Not Required,False,Device unreachable,Normal
INC-10597,Summit Retail,Retail,P3,P3,False,,2026-08-28 21:44:00,2026-08-28 22:10:00,2026-08-29 03:22:24,2026-08-29 10:53:16.964432,8,5.64,Catalyst 9300,Atlanta,Engineer-08,Night,Pending Customer,Medium,False,Not Required,False,Network latency observed at site,Normal
INC-10598,Northstar Health,Healthcare,P3,P3,False,,2026-08-30 17:06:00,2026-08-30 17:31:00,2026-08-30 22:46:12,2026-08-31 13:08:18.140585,8,5.67,Catalyst 9300,Denver,Engineer-02,Day,Resolved,Low,True,Shipped,False,High CPU utilization observed,Normal
INC-10599,Vertex Technologies,Technology,P4,P4,False,,2026-08-26 14:26:00,2026-08-26 14:51:00,2026-08-26 21:04:24,2026-08-27 15:07:11.473110,8,6.64,Catalyst 9500,Minneapolis,Engineer-09,Night,Open,Critical,True,Shipped,False,Wireless connectivity issue,Normal
INC-10600,BluePeak Telecom,Telecommunications,P4,P4,False,,2026-08-01 00:09:00,2026-08-01 00:25:00,2026-08-01 07:18:00,2026-08-01 20:14:10.156785,8,7.15,ISR Router,Chicago,Engineer-05,Night,Closed,Low,False,Not Required,False,Wireless connectivity issue,Normal
INC-10601,Meridian Public Services,Public Sector,P4,P4,False,,2026-08-19 13:08:00,2026-08-19 13:33:00,2026-08-19 18:35:36,2026-08-20 12:20:23.732085,8,5.46,Firewall,Charlotte,Engineer-04,Night,Investigating,Critical,False,Not Required,False,Hardware failure reported,Normal
INC-10602,Meridian Public Services,Public Sector,P4,P4,False,,2026-08-09 17:10:00,2026-08-09 17:25:00,2026-08-09 21:55:36,2026-08-10 01:04:18.375698,8,4.76,Wireless AP,Phoenix,Engineer-02,Day,Resolved,Critical,False,Not Required,False,Switch rebooting unexpectedly,Normal
INC-10603,Meridian Public Services,Public Sector,P4,P2,True,2026-08-21 21:01:00,2026-08-21 20:49:00,2026-08-21 21:14:00,2026-08-22 00:35:12,2026-08-22 08:12:57.183525,4,3.57,Catalyst 9300,Dallas,Engineer-09,Day,Resolved,Low,False,Not Required,False,High CPU utilization observed,Normal
INC-10604,Orion Manufacturing,Manufacturing,P3,P3,False,,2026-08-04 03:29:00,2026-08-04 03:53:00,2026-08-04 07:56:36,2026-08-04 12:12:19.969975,8,4.46,ISR Router,Austin,Engineer-05,Day,Investigating,Low,False,Not Required,False,Network performance degradation,Normal
INC-10605,Northstar Health,Healthcare,P3,P3,False,,2026-08-21 02:13:00,2026-08-21 02:39:00,2026-08-21 07:47:12,2026-08-22 05:15:00.279510,8,5.57,Wireless AP,Boston,Engineer-04,Night,Open,Low,False,Not Required,False,Interface flapping,Normal
INC-10606,Meridian Public Services,Public Sector,P2,P2,False,,2026-08-11 11:30:00,2026-08-11 11:43:00,2026-08-11 13:30:36,2026-08-12 02:30:36.780417,4,2.01,Catalyst 9500,Chicago,Engineer-01,Day,Closed,Low,False,Not Required,False,Hardware failure reported,Normal
INC-10607,Apex Financial,BFSI,P2,P2,False,,2026-08-07 00:20:00,2026-08-07 00:27:00,2026-08-07 02:42:48,2026-08-07 20:27:05.194838,4,2.38,Firewall,Austin,Engineer-09,Day,Investigating,High,False,Not Required,False,High interface error rate detected,Normal
INC-10608,Pioneer Energy,Energy,P3,P3,False,,2026-08-30 06:16:00,2026-08-30 06:26:00,2026-08-30 11:00:24,2026-08-31 07:27:55.762392,8,4.74,Catalyst 9500,Denver,Engineer-06,Night,Escalated,Critical,False,Not Required,False,Unexpected device restart,Normal
INC-10609,Northstar Health,Healthcare,P3,P3,False,,2026-08-20 23:17:00,2026-08-20 23:32:00,2026-08-21 05:37:24,2026-08-21 20:35:28.079830,8,6.34,Firewall,Dallas,Engineer-05,Day,Investigating,Critical,False,Not Required,False,Unexpected device restart,Normal
INC-10610,Summit Retail,Retail,P3,P3,False,,2026-08-21 16:22:00,2026-08-21 16:39:00,2026-08-21 20:28:36,2026-08-22 01:36:52.070738,8,4.11,Catalyst 9300,Minneapolis,Engineer-03,Day,Resolved,Critical,False,Not Required,False,Device unreachable,Normal
INC-10611,Summit Retail,Retail,P2,P2,False,,2026-08-11 22:00:00,2026-08-11 22:10:00,2026-08-12 00:22:12,2026-08-12 14:25:18.454116,4,2.37,Catalyst 9500,Denver,Engineer-04,Night,Pending Customer,High,False,Not Required,False,Network latency observed at site,Normal
INC-10612,Northstar Health,Healthcare,P3,P3,False,,2026-08-31 21:04:00,2026-08-31 21:27:00,2026-09-01 04:25:00,2026-09-01 15:07:00.911658,8,7.35,Wireless AP,Chicago,Engineer-10,Day,Resolved,Low,False,Not Required,False,Wireless connectivity issue,Normal
INC-10613,Summit Retail,Retail,P3,P1,True,2026-08-20 10:42:00,2026-08-20 10:37:00,2026-08-20 10:49:00,2026-08-20 12:43:48,2026-08-21 07:39:45.706699,4,2.03,Catalyst 9500,Phoenix,Engineer-01,Night,Escalated,High,False,Not Required,True,Intermittent connectivity reported by customer,Normal
INC-10614,Pioneer Energy,Energy,P3,P2,True,2026-08-04 14:01:00,2026-08-04 13:46:00,2026-08-04 14:09:00,2026-08-04 16:43:00,2026-08-05 06:15:54.076674,4,2.7,ISR Router,Atlanta,Engineer-07,Day,Resolved,Low,False,Not Required,False,Configuration issue suspected,Normal
INC-10615,Orion Manufacturing,Manufacturing,P1,P1,False,,2026-08-02 00:08:00,2026-08-02 00:14:00,2026-08-02 03:52:24,2026-08-03 00:41:06.990189,4,3.74,ISR Router,Minneapolis,Engineer-08,Day,Pending Customer,Low,False,Not Required,False,Hardware failure reported,Normal
INC-10616,Northstar Health,Healthcare,P3,P3,False,,2026-08-04 01:19:00,2026-08-04 01:26:00,2026-08-04 06:18:24,2026-08-04 23:07:43.908121,8,4.99,Catalyst 9500,Boston,Engineer-09,Day,Closed,Low,False,Not Required,False,High interface error rate detected,Normal
INC-10617,Meridian Public Services,Public Sector,P4,P4,False,,2026-08-31 13:40:00,2026-08-31 13:59:00,2026-08-31 20:10:36,2026-09-01 09:10:38.034459,8,6.51,Catalyst 9500,Dallas,Engineer-08,Day,Investigating,Medium,False,Not Required,False,Packet loss reported,Normal
INC-10618,Pioneer Energy,Energy,P4,P4,False,,2026-08-27 07:42:00,2026-08-27 08:07:00,2026-08-27 14:27:36,2026-08-27 20:11:43.794208,8,6.76,ISR Router,Boston,Engineer-08,Day,Open,High,True,Delivered,True,Device unreachable,Normal
INC-10619,Apex Financial,BFSI,P3,P3,False,,2026-08-17 16:54:00,2026-08-17 17:09:00,2026-08-17 23:45:00,2026-08-18 07:55:19.145580,8,6.85,Catalyst 9500,Minneapolis,Engineer-07,Day,Escalated,High,False,Not Required,False,Switch rebooting unexpectedly,Normal
INC-10620,Northstar Health,Healthcare,P4,P4,False,,2026-08-09 13:10:00,2026-08-09 13:36:00,2026-08-09 18:19:00,2026-08-10 15:19:22.038271,8,5.15,Catalyst 9500,Phoenix,Engineer-06,Night,Escalated,Medium,False,Not Required,False,High interface error rate detected,Normal
INC-10621,Northstar Health,Healthcare,P3,P3,False,,2026-08-12 08:07:00,2026-08-12 08:29:00,2026-08-12 12:26:12,2026-08-12 23:21:38.017120,8,4.32,Catalyst 9300,Phoenix,Engineer-01,Night,Investigating,Low,False,Not Required,False,Device unreachable,Normal
INC-10622,Summit Retail,Retail,P4,P4,False,,2026-08-10 06:25:00,2026-08-10 06:35:00,2026-08-10 12:38:48,2026-08-11 01:49:35.795989,8,6.23,Catalyst 9300,Minneapolis,Engineer-05,Night,Open,Critical,False,Not Required,False,Intermittent connectivity reported by customer,Normal
INC-10623,Apex Financial,BFSI,P3,P3,False,,2026-08-09 07:56:00,2026-08-09 08:20:00,2026-08-09 14:33:12,2026-08-10 00:51:29.518248,8,6.62,Catalyst 9500,Denver,Engineer-04,Day,Open,High,False,Not Required,False,Intermittent connectivity reported by customer,Normal
INC-10624,BluePeak Telecom,Telecommunications,P4,P4,False,,2026-08-01 03:11:00,2026-08-01 03:32:00,2026-08-01 10:35:00,2026-08-02 01:53:31.399375,8,7.4,Wireless AP,Phoenix,Engineer-03,Day,Pending Customer,High,False,Not Required,False,Network performance degradation,Normal
INC-10625,Vertex Technologies,Technology,P2,P2,False,,2026-08-01 21:30:00,2026-08-01 21:41:00,2026-08-02 00:04:48,2026-08-02 05:09:46.246311,4,2.58,Catalyst 9500,Boston,Engineer-02,Day,Investigating,Critical,False,Not Required,True,Packet loss reported,Normal
INC-10626,Apex Financial,BFSI,P3,P1,True,2026-08-20 00:34:00,2026-08-19 21:18:00,2026-08-19 21:25:00,2026-08-20 03:53:12,2026-08-20 19:27:03.242547,4,3.32,Firewall,Boston,Engineer-08,Day,Escalated,Medium,True,Shipment Delayed,False,High interface error rate detected,Normal
INC-10627,Pioneer Energy,Energy,P1,P1,False,,2026-08-12 09:45:00,2026-08-12 09:55:00,2026-08-12 13:18:36,2026-08-13 08:07:26.777271,4,3.56,ISR Router,Seattle,Engineer-05,Night,Pending Customer,Critical,False,Not Required,False,Packet loss reported,Normal
INC-10628,Pioneer Energy,Energy,P4,P2,True,2026-08-01 09:47:00,2026-08-01 07:36:00,2026-08-01 07:44:00,2026-08-01 13:05:00,2026-08-01 16:21:30.126909,4,3.3,Catalyst 9300,Chicago,Engineer-09,Day,Investigating,Medium,False,Not Required,False,High CPU utilization observed,Normal
INC-10629,BluePeak Telecom,Telecommunications,P4,P4,False,,2026-08-14 08:19:00,2026-08-14 08:30:00,2026-08-14 12:28:00,2026-08-15 01:25:42.436289,8,4.15,Firewall,Minneapolis,Engineer-09,Day,Pending Customer,High,False,Not Required,False,Network performance degradation,Normal
INC-10630,Orion Manufacturing,Manufacturing,P4,P1,True,2026-08-17 09:49:00,2026-08-17 09:39:00,2026-08-17 09:56:00,2026-08-17 12:40:00,2026-08-17 14:59:10.245570,4,2.85,Wireless AP,Dallas,Engineer-06,Night,Open,Critical,False,Not Required,False,Intermittent connectivity reported by customer,Normal
INC-10631,Vertex Technologies,Technology,P3,P3,False,,2026-08-01 01:16:00,2026-08-01 01:25:00,2026-08-01 06:34:36,2026-08-01 14:05:30.386456,8,5.31,ISR Router,Dallas,Engineer-02,Day,Escalated,Low,False,Not Required,False,Device unreachable,Normal
INC-10632,Meridian Public Services,Public Sector,P3,P2,True,2026-08-08 21:57:00,2026-08-08 21:40:00,2026-08-08 22:01:00,2026-08-09 01:30:36,2026-08-09 23:23:28.073874,4,3.56,Catalyst 9300,Chicago,Engineer-03,Day,Escalated,Low,False,Not Required,False,Hardware failure reported,Normal
INC-10633,Orion Manufacturing,Manufacturing,P3,P3,False,,2026-08-03 09:36:00,2026-08-03 10:01:00,2026-08-03 15:19:48,2026-08-03 20:32:51.215886,8,5.73,ISR Router,Dallas,Engineer-03,Day,Pending Customer,Critical,False,Not Required,False,Network latency observed at site,Normal
INC-10634,Northstar Health,Healthcare,P3,P3,False,,2026-08-14 13:29:00,2026-08-14 13:34:00,2026-08-14 20:54:12,2026-08-14 22:30:39.751562,8,7.42,Catalyst 9500,Seattle,Engineer-08,Night,Resolved,High,False,Not Required,True,Network performance degradation,Normal
INC-10635,Meridian Public Services,Public Sector,P2,P2,False,,2026-08-28 12:08:00,2026-08-28 12:19:00,2026-08-28 15:18:12,2026-08-29 02:56:52.487315,4,3.17,Firewall,Chicago,Engineer-04,Night,Investigating,High,False,Not Required,False,Hardware failure reported,Normal
INC-10636,Apex Financial,BFSI,P4,P4,False,,2026-08-23 10:55:00,2026-08-23 11:01:00,2026-08-23 15:22:36,2026-08-24 05:49:22.327813,8,4.46,Catalyst 9300,Austin,Engineer-05,Day,Pending Customer,Low,False,Not Required,False,Hardware failure reported,Normal
INC-10637,Vertex Technologies,Technology,P3,P3,False,,2026-08-30 00:51:00,2026-08-30 01:11:00,2026-08-30 07:11:24,2026-08-30 12:48:21.949577,8,6.34,Firewall,Atlanta,Engineer-09,Night,Investigating,Medium,True,Approved,False,Wireless connectivity issue,Normal
INC-10638,Northstar Health,Healthcare,P4,P4,False,,2026-08-02 03:19:00,2026-08-02 03:36:00,2026-08-02 09:07:36,2026-08-02 14:21:34.838443,8,5.81,Firewall,Denver,Engineer-04,Day,Open,Low,False,Not Required,False,Interface flapping,Normal
INC-10639,BluePeak Telecom,Telecommunications,P2,P2,False,,2026-08-27 23:42:00,2026-08-27 23:50:00,2026-08-28 02:00:00,2026-08-28 20:03:29.838843,4,2.3,Firewall,Minneapolis,Engineer-10,Day,Escalated,Low,False,Not Required,False,Network latency observed at site,Normal
INC-10640,BluePeak Telecom,Telecommunications,P3,P3,False,,2026-08-04 14:26:00,2026-08-04 14:44:00,2026-08-04 18:59:36,2026-08-05 02:30:43.359831,8,4.56,ISR Router,Denver,Engineer-10,Night,Pending Customer,High,True,Delivered,True,Network performance degradation,Normal
INC-10641,BluePeak Telecom,Telecommunications,P4,P4,False,,2026-08-01 05:22:00,2026-08-01 05:43:00,2026-08-01 12:34:36,2026-08-02 01:09:01.425446,8,7.21,Catalyst 9300,Dallas,Engineer-08,Day,Pending Customer,Critical,False,Not Required,False,Network latency observed at site,Normal
INC-10642,Orion Manufacturing,Manufacturing,P3,P3,False,,2026-08-05 08:50:00,2026-08-05 09:16:00,2026-08-05 13:58:24,2026-08-06 00:02:01.298803,8,5.14,Firewall,Denver,Engineer-03,Day,Pending Customer,High,False,Not Required,False,Network performance degradation,Normal
INC-10643,Orion Manufacturing,Manufacturing,P3,P3,False,,2026-08-19 19:53:00,2026-08-19 20:10:00,2026-08-20 00:08:00,2026-08-20 01:48:44.408698,8,4.25,Wireless AP,Dallas,Engineer-03,Night,Investigating,High,False,Not Required,False,Unexpected device restart,Normal
INC-10644,Northstar Health,Healthcare,P2,P2,False,,2026-08-29 05:46:00,2026-08-29 05:57:00,2026-08-29 09:05:12,2026-08-29 19:44:52.649736,4,3.32,Wireless AP,Minneapolis,Engineer-06,Day,Closed,Medium,True,Customer Return Pending,False,Customer unable to access network services,Normal
INC-10645,Apex Financial,BFSI,P4,P4,False,,2026-08-21 18:35:00,2026-08-21 18:46:00,2026-08-21 23:18:48,2026-08-22 11:36:31.329981,8,4.73,Catalyst 9300,Minneapolis,Engineer-06,Day,Investigating,Low,False,Not Required,False,Packet loss reported,Normal
INC-10646,Meridian Public Services,Public Sector,P3,P3,False,,2026-08-29 00:23:00,2026-08-29 00:41:00,2026-08-29 06:30:48,2026-08-30 03:23:47.867863,8,6.13,Wireless AP,Seattle,Engineer-04,Day,Resolved,Low,False,Not Required,False,Intermittent connectivity reported by customer,Normal
INC-10647,Pioneer Energy,Energy,P3,P3,False,,2026-08-05 02:28:00,2026-08-05 02:46:00,2026-08-05 08:49:00,2026-08-06 05:55:05.287461,8,6.35,Catalyst 9500,Phoenix,Engineer-10,Night,Resolved,High,False,Not Required,False,Packet loss reported,Normal
INC-10648,BluePeak Telecom,Telecommunications,P1,P1,False,,2026-08-27 09:59:00,2026-08-27 10:08:00,2026-08-27 12:39:48,2026-08-27 21:53:42.550119,4,2.68,Catalyst 9300,Denver,Engineer-08,Day,Open,High,False,Not Required,False,Hardware failure reported,Normal
INC-10649,BluePeak Telecom,Telecommunications,P3,P1,True,2026-08-19 18:19:00,2026-08-19 15:59:00,2026-08-19 16:04:00,2026-08-19 20:22:36,2026-08-20 04:44:08.391738,4,2.06,Catalyst 9300,Seattle,Engineer-10,Day,Resolved,High,False,Not Required,False,Hardware failure reported,Normal
INC-10650,Apex Financial,BFSI,P3,P3,False,,2026-08-19 19:44:00,2026-08-19 19:50:00,2026-08-20 01:02:00,2026-08-20 03:39:39.184336,8,5.3,Catalyst 9500,Phoenix,Engineer-09,Night,Closed,Medium,False,Not Required,False,Intermittent connectivity reported by customer,Normal
INC-10651,Northstar Health,Healthcare,P1,P1,False,,2026-08-17 07:41:00,2026-08-17 07:51:00,2026-08-17 10:26:36,2026-08-17 18:25:19.039510,4,2.76,Firewall,Minneapolis,Engineer-03,Night,Closed,Low,False,Not Required,False,Intermittent connectivity reported by customer,Normal
INC-10652,Apex Financial,BFSI,P3,P2,True,2026-08-23 07:31:00,2026-08-23 04:27:00,2026-08-23 04:33:00,2026-08-23 10:17:12,2026-08-24 04:51:15.749141,4,2.77,Catalyst 9300,Austin,Engineer-04,Night,Closed,Low,False,Not Required,False,Network performance degradation,Normal
INC-10653,Vertex Technologies,Technology,P3,P3,False,,2026-08-29 17:36:00,2026-08-29 17:42:00,2026-08-30 01:19:12,2026-08-30 02:39:45.600768,8,7.72,ISR Router,Charlotte,Engineer-01,Day,Investigating,Low,False,Not Required,False,Switch rebooting unexpectedly,Normal
INC-10654,Northstar Health,Healthcare,P3,P3,False,,2026-08-08 09:08:00,2026-08-08 09:32:00,2026-08-08 14:37:24,2026-08-09 06:44:51.857527,8,5.49,Catalyst 9300,Atlanta,Engineer-08,Day,Pending Customer,High,False,Not Required,True,Intermittent connectivity reported by customer,Normal
INC-10655,Vertex Technologies,Technology,P4,P4,False,,2026-08-21 07:33:00,2026-08-21 07:46:00,2026-08-21 12:45:00,2026-08-22 02:12:09.507653,8,5.2,Wireless AP,Boston,Engineer-04,Night,Closed,High,True,Shipped,False,Device unreachable,Normal
INC-10656,Pioneer Energy,Energy,P4,P4,False,,2026-08-12 23:52:00,2026-08-13 00:01:00,2026-08-13 03:59:48,2026-08-13 10:24:14.714208,8,4.13,ISR Router,Denver,Engineer-04,Day,Resolved,High,False,Not Required,False,Wireless connectivity issue,Normal
INC-10657,Northstar Health,Healthcare,P3,P3,False,,2026-08-02 08:54:00,2026-08-02 09:18:00,2026-08-02 14:20:24,2026-08-02 15:46:24.653959,8,5.44,Catalyst 9300,Minneapolis,Engineer-01,Night,Pending Customer,Critical,False,Not Required,False,Hardware failure reported,Normal
INC-10658,Vertex Technologies,Technology,P1,P1,False,,2026-08-25 11:59:00,2026-08-25 12:04:00,2026-08-25 15:34:24,2026-08-26 09:55:34.784512,4,3.59,Catalyst 9500,Charlotte,Engineer-03,Night,Resolved,High,False,Not Required,False,Intermittent connectivity reported by customer,Normal
INC-10659,BluePeak Telecom,Telecommunications,P4,P4,False,,2026-08-30 23:48:00,2026-08-30 23:54:00,2026-08-31 06:49:48,2026-08-31 20:33:20.756644,8,7.03,Firewall,Phoenix,Engineer-01,Night,Closed,Critical,False,Not Required,False,High interface error rate detected,Normal
INC-10660,BluePeak Telecom,Telecommunications,P4,P4,False,,2026-08-05 00:17:00,2026-08-05 00:43:00,2026-08-05 07:51:12,2026-08-05 10:49:14.452618,8,7.57,Firewall,Minneapolis,Engineer-07,Night,Investigating,Critical,False,Not Required,False,High CPU utilization observed,Normal
INC-10661,Summit Retail,Retail,P4,P4,False,,2026-08-20 00:07:00,2026-08-20 00:21:00,2026-08-20 06:14:48,2026-08-20 14:37:45.921614,8,6.13,Firewall,Charlotte,Engineer-01,Night,Pending Customer,High,False,Not Required,False,Device unreachable,Normal
INC-10662,Pioneer Energy,Energy,P3,P3,False,,2026-08-14 01:37:00,2026-08-14 01:44:00,2026-08-14 06:39:24,2026-08-14 21:41:39.201619,8,5.04,Catalyst 9300,Minneapolis,Engineer-01,Night,Open,Critical,False,Not Required,True,Packet loss reported,Normal
INC-10663,Meridian Public Services,Public Sector,P2,P2,False,,2026-08-20 20:03:00,2026-08-20 20:11:00,2026-08-20 22:15:00,2026-08-21 00:08:07.947229,4,2.2,ISR Router,Chicago,Engineer-05,Night,Investigating,Medium,False,Not Required,False,Wireless connectivity issue,Normal
INC-10664,Summit Retail,Retail,P1,P1,False,,2026-08-28 11:34:00,2026-08-28 11:39:00,2026-08-28 14:37:00,2026-08-28 23:39:37.615064,4,3.05,Catalyst 9300,Seattle,Engineer-04,Day,Closed,High,True,Delivered,True,Device unreachable,Normal
INC-10665,Northstar Health,Healthcare,P3,P3,False,,2026-08-05 00:20:00,2026-08-05 00:44:00,2026-08-05 07:17:36,2026-08-05 15:59:52.822998,8,6.96,Catalyst 9500,Phoenix,Engineer-06,Night,Closed,Low,False,Not Required,False,High CPU utilization observed,Normal
INC-10666,Pioneer Energy,Energy,P4,P4,False,,2026-08-01 03:38:00,2026-08-01 03:49:00,2026-08-01 10:39:48,2026-08-01 23:24:41.920598,8,7.03,ISR Router,Dallas,Engineer-01,Day,Pending Customer,High,False,Not Required,False,Intermittent connectivity reported by customer,Normal
INC-10667,Summit Retail,Retail,P3,P3,False,,2026-08-03 02:59:00,2026-08-03 03:11:00,2026-08-03 09:06:12,2026-08-04 09:03:10.913775,8,6.12,Catalyst 9500,Charlotte,Engineer-10,Day,Closed,Medium,False,Not Required,False,Unexpected device restart,Normal
INC-10668,Northstar Health,Healthcare,P3,P3,False,,2026-08-19 09:58:00,2026-08-19 10:10:00,2026-08-19 15:11:48,2026-08-20 10:34:25.692969,8,5.23,Firewall,Austin,Engineer-10,Night,Closed,Critical,False,Not Required,False,Configuration issue suspected,Normal
INC-10669,Summit Retail,Retail,P3,P2,True,2026-08-21 15:56:00,2026-08-21 15:38:00,2026-08-21 16:02:00,2026-08-21 18:56:00,2026-08-22 14:38:57.708389,4,3.0,Catalyst 9300,Phoenix,Engineer-08,Night,Pending Customer,High,True,Customer Return Pending,False,Switch rebooting unexpectedly,Normal
INC-10670,Orion Manufacturing,Manufacturing,P2,P2,False,,2026-08-14 13:32:00,2026-08-14 13:39:00,2026-08-14 16:32:36,2026-08-15 08:05:37.744639,4,3.01,Firewall,Atlanta,Engineer-10,Night,Pending Customer,High,False,Not Required,False,Packet loss reported,Normal
INC-10671,Pioneer Energy,Energy,P4,P1,True,2026-08-27 13:08:00,2026-08-27 13:01:00,2026-08-27 13:13:00,2026-08-27 16:02:00,2026-08-28 05:05:26.841665,4,2.9,Catalyst 9300,Atlanta,Engineer-02,Night,Pending Customer,Critical,False,Not Required,False,Customer unable to access network services,Normal
INC-10672,Meridian Public Services,Public Sector,P3,P3,False,,2026-08-24 01:04:00,2026-08-24 01:32:00,2026-08-24 08:31:00,2026-08-25 07:21:53.297817,8,7.45,Wireless AP,Seattle,Engineer-04,Night,Open,High,False,Not Required,False,Packet loss reported,Normal
INC-10673,Orion Manufacturing,Manufacturing,P2,P2,False,,2026-08-01 18:37:00,2026-08-01 18:47:00,2026-08-01 21:47:48,2026-08-02 09:13:40.048464,4,3.18,ISR Router,Minneapolis,Engineer-03,Day,Closed,Low,False,Not Required,False,Customer unable to access network services,Normal
INC-10674,BluePeak Telecom,Telecommunications,P3,P3,False,,2026-08-25 05:09:00,2026-08-25 05:15:00,2026-08-25 12:12:00,2026-08-26 06:05:47.011969,8,7.05,Catalyst 9300,Phoenix,Engineer-05,Night,Pending Customer,Critical,False,Not Required,False,Intermittent connectivity reported by customer,Normal
INC-10675,BluePeak Telecom,Telecommunications,P2,P2,False,,2026-08-09 15:28:00,2026-08-09 15:36:00,2026-08-09 19:01:00,2026-08-10 02:39:06.046384,4,3.55,Firewall,Dallas,Engineer-06,Day,Pending Customer,Medium,False,Not Required,False,Device unreachable,Normal
INC-10676,Northstar Health,Healthcare,P1,P1,False,,2026-08-29 01:57:00,2026-08-29 02:10:00,2026-08-29 04:53:24,2026-08-29 10:22:40.984694,4,2.94,Catalyst 9500,Chicago,Engineer-03,Day,Investigating,Medium,False,Not Required,False,Configuration issue suspected,Normal
INC-10677,Summit Retail,Retail,P4,P4,False,,2026-08-04 22:45:00,2026-08-04 22:53:00,2026-08-05 04:25:12,2026-08-05 15:21:43.620532,8,5.67,Catalyst 9500,Chicago,Engineer-10,Night,Closed,Medium,False,Not Required,False,Interface flapping,Normal
INC-10678,BluePeak Telecom,Telecommunications,P2,P2,False,,2026-08-11 08:29:00,2026-08-11 08:42:00,2026-08-11 11:39:48,2026-08-11 14:22:02.528149,4,3.18,Catalyst 9300,Boston,Engineer-02,Day,Closed,High,False,Not Required,False,Switch rebooting unexpectedly,Normal
INC-10679,Apex Financial,BFSI,P4,P4,False,,2026-08-08 04:37:00,2026-08-08 04:54:00,2026-08-08 11:53:12,2026-08-08 17:57:05.350856,8,7.27,Wireless AP,Denver,Engineer-09,Night,Investigating,Low,False,Not Required,False,High interface error rate detected,Normal
INC-10680,Pioneer Energy,Energy,P4,P4,False,,2026-08-24 06:00:00,2026-08-24 06:18:00,2026-08-24 10:15:00,2026-08-25 00:04:40.636956,8,4.25,Catalyst 9500,Minneapolis,Engineer-05,Day,Investigating,Low,False,Not Required,False,Network performance degradation,Normal
INC-10681,Orion Manufacturing,Manufacturing,P3,P3,False,,2026-08-29 09:53:00,2026-08-29 10:05:00,2026-08-29 17:09:48,2026-08-30 09:31:36.396394,8,7.28,ISR Router,Dallas,Engineer-07,Day,Closed,Critical,False,Not Required,False,Packet loss reported,Normal
INC-10682,Summit Retail,Retail,P3,P3,False,,2026-08-08 21:27:00,2026-08-08 21:35:00,2026-08-09 02:06:36,2026-08-10 01:06:18.925656,8,4.66,Firewall,Minneapolis,Engineer-05,Day,Investigating,High,False,Not Required,False,Switch rebooting unexpectedly,Normal
INC-10683,Orion Manufacturing,Manufacturing,P3,P3,False,,2026-08-29 13:03:00,2026-08-29 13:25:00,2026-08-29 19:56:24,2026-08-30 02:57:24.914939,8,6.89,Catalyst 9500,Minneapolis,Engineer-08,Night,Closed,Low,False,Not Required,False,Wireless connectivity issue,Normal
INC-10684,Pioneer Energy,Energy,P3,P3,False,,2026-08-10 14:26:00,2026-08-10 14:38:00,2026-08-10 20:35:00,2026-08-11 01:24:49.109847,8,6.15,Wireless AP,Charlotte,Engineer-05,Day,Pending Customer,Medium,False,Not Required,False,Interface flapping,Normal
INC-10685,Summit Retail,Retail,P2,P2,False,,2026-08-23 10:58:00,2026-08-23 11:08:00,2026-08-23 14:18:24,2026-08-24 04:01:23.638967,4,3.34,Catalyst 9500,Dallas,Engineer-09,Day,Closed,Critical,False,Not Required,False,Intermittent connectivity reported by customer,Normal
INC-10686,Summit Retail,Retail,P4,P4,False,,2026-08-11 13:13:00,2026-08-11 13:35:00,2026-08-11 19:58:00,2026-08-12 18:35:13.142325,8,6.75,Firewall,Phoenix,Engineer-03,Night,Closed,High,True,Requested,False,Wireless connectivity issue,Normal
INC-10687,Northstar Health,Healthcare,P1,P1,False,,2026-08-21 22:15:00,2026-08-21 22:20:00,2026-08-22 00:43:48,2026-08-22 04:34:25.626378,4,2.48,Firewall,Charlotte,Engineer-08,Day,Investigating,High,False,Not Required,False,Device unreachable,Normal
INC-10688,Meridian Public Services,Public Sector,P1,P1,False,,2026-08-24 17:38:00,2026-08-24 17:45:00,2026-08-24 19:48:12,2026-08-25 10:19:54.611560,4,2.17,ISR Router,Denver,Engineer-02,Day,Resolved,Critical,False,Not Required,False,Unexpected device restart,Normal
INC-10689,BluePeak Telecom,Telecommunications,P3,P3,False,,2026-08-21 18:30:00,2026-08-21 18:47:00,2026-08-21 23:35:24,2026-08-22 02:43:49.566308,8,5.09,ISR Router,Charlotte,Engineer-09,Day,Pending Customer,Critical,False,Not Required,False,Device unreachable,Normal
INC-10690,Pioneer Energy,Energy,P4,P4,False,,2026-08-25 17:45:00,2026-08-25 17:53:00,2026-08-25 23:27:00,2026-08-26 13:44:28.421630,8,5.7,ISR Router,Seattle,Engineer-09,Day,Escalated,Critical,True,Approved,False,Intermittent connectivity reported by customer,Normal
INC-10691,Pioneer Energy,Energy,P2,P2,False,,2026-08-06 06:55:00,2026-08-06 07:07:00,2026-08-06 09:57:24,2026-08-06 12:53:09.990790,4,3.04,Firewall,Denver,Engineer-05,Night,Investigating,Low,False,Not Required,False,Customer unable to access network services,Normal
INC-10692,Vertex Technologies,Technology,P4,P2,True,2026-08-28 00:37:00,2026-08-28 00:17:00,2026-08-28 00:48:00,2026-08-28 03:29:12,2026-08-29 02:13:16.553491,4,2.87,Catalyst 9300,Minneapolis,Engineer-05,Night,Pending Customer,High,False,Not Required,False,Unexpected device restart,Normal
INC-10693,Pioneer Energy,Energy,P3,P3,False,,2026-08-06 16:47:00,2026-08-06 16:55:00,2026-08-06 21:24:12,2026-08-07 08:28:05.384317,8,4.62,Firewall,Seattle,Engineer-02,Day,Escalated,Low,False,Not Required,True,Unexpected device restart,Normal
INC-10694,Orion Manufacturing,Manufacturing,P3,P3,False,,2026-08-14 09:46:00,2026-08-14 10:12:00,2026-08-14 14:47:12,2026-08-14 23:12:05.572618,8,5.02,Wireless AP,Atlanta,Engineer-09,Night,Investigating,Critical,False,Not Required,False,Unexpected device restart,Normal
INC-10695,Meridian Public Services,Public Sector,P3,P3,False,,2026-08-15 06:59:00,2026-08-15 07:14:00,2026-08-15 14:27:48,2026-08-16 08:01:34.785303,8,7.48,Catalyst 9500,Chicago,Engineer-09,Day,Resolved,High,False,Not Required,False,Unexpected device restart,Normal
INC-10696,Pioneer Energy,Energy,P4,P1,True,2026-08-07 22:21:00,2026-08-07 22:06:00,2026-08-07 22:25:00,2026-08-08 00:27:36,2026-08-08 11:59:23.871705,4,2.11,Catalyst 9300,Boston,Engineer-07,Day,Investigating,Low,False,Not Required,False,Interface flapping,Normal
INC-10697,Vertex Technologies,Technology,P3,P3,False,,2026-08-20 12:59:00,2026-08-20 13:12:00,2026-08-20 19:05:00,2026-08-21 10:50:24.426560,8,6.1,ISR Router,Austin,Engineer-04,Night,Pending Customer,Critical,False,Not Required,False,High interface error rate detected,Normal
INC-10698,Northstar Health,Healthcare,P4,P4,False,,2026-08-25 12:21:00,2026-08-25 12:44:00,2026-08-25 19:14:24,2026-08-26 09:51:35.673912,8,6.89,Catalyst 9500,Chicago,Engineer-03,Night,Resolved,Medium,False,Not Required,False,Switch rebooting unexpectedly,Normal
INC-10699,Pioneer Energy,Energy,P2,P2,False,,2026-08-16 00:20:00,2026-08-16 00:26:00,2026-08-16 03:54:12,2026-08-16 06:06:13.264703,4,3.57,Catalyst 9500,Atlanta,Engineer-01,Day,Investigating,Medium,False,Not Required,False,Switch rebooting unexpectedly,Normal
INC-10700,Pioneer Energy,Energy,P3,P3,False,,2026-08-16 11:19:00,2026-08-16 11:40:00,2026-08-16 16:30:24,2026-08-16 19:18:18.931964,8,5.19,ISR Router,Chicago,Engineer-09,Day,Investigating,Critical,False,Not Required,False,Configuration issue suspected,Normal
INC-10701,Meridian Public Services,Public Sector,P4,P4,False,,2026-08-14 20:22:00,2026-08-14 20:32:00,2026-08-15 00:27:24,2026-08-15 09:52:02.898132,8,4.09,ISR Router,Atlanta,Engineer-07,Night,Escalated,High,False,Not Required,False,Unexpected device restart,Normal
INC-10702,Orion Manufacturing,Manufacturing,P4,P4,False,,2026-08-07 14:23:00,2026-08-07 14:44:00,2026-08-07 19:06:48,2026-08-08 09:35:44.400188,8,4.73,Catalyst 9500,Dallas,Engineer-09,Day,Escalated,Medium,False,Not Required,False,Packet loss reported,Normal
INC-10703,BluePeak Telecom,Telecommunications,P3,P3,False,,2026-08-23 22:16:00,2026-08-23 22:29:00,2026-08-24 04:36:24,2026-08-25 03:56:34.449497,8,6.34,Firewall,Austin,Engineer-10,Night,Open,High,False,Not Required,False,Network performance degradation,Normal
INC-10704,Pioneer Energy,Energy,P1,P1,False,,2026-08-01 19:57:00,2026-08-01 20:04:00,2026-08-01 23:10:48,2026-08-02 04:14:55.955284,4,3.23,Firewall,Minneapolis,Engineer-08,Day,Escalated,Low,False,Not Required,True,Unexpected device restart,Normal
INC-10705,Northstar Health,Healthcare,P4,P4,False,,2026-08-20 23:01:00,2026-08-20 23:16:00,2026-08-21 06:09:24,2026-08-22 02:39:57.446146,8,7.14,Catalyst 9300,Minneapolis,Engineer-01,Night,Open,High,False,Not Required,False,High interface error rate detected,Normal
INC-10706,Summit Retail,Retail,P2,P2,False,,2026-08-27 16:09:00,2026-08-27 16:18:00,2026-08-27 18:18:00,2026-08-28 05:29:53.426507,4,2.15,Firewall,Austin,Engineer-07,Night,Closed,Low,False,Not Required,False,Network performance degradation,Normal
INC-10707,Orion Manufacturing,Manufacturing,P3,P3,False,,2026-08-23 02:36:00,2026-08-23 02:55:00,2026-08-23 06:55:48,2026-08-24 05:02:39.318444,8,4.33,Catalyst 9500,Austin,Engineer-05,Night,Resolved,Low,False,Not Required,True,Packet loss reported,Normal
INC-10708,Summit Retail,Retail,P3,P3,False,,2026-08-31 07:19:00,2026-08-31 07:45:00,2026-08-31 13:43:36,2026-09-01 11:27:38.477637,8,6.41,Firewall,Austin,Engineer-03,Day,Investigating,High,False,Not Required,False,Network performance degradation,Normal
INC-10709,Meridian Public Services,Public Sector,P3,P3,False,,2026-08-27 06:17:00,2026-08-27 06:28:00,2026-08-27 10:56:36,2026-08-27 18:43:36.398166,8,4.66,ISR Router,Austin,Engineer-07,Night,Investigating,Medium,False,Not Required,False,Device unreachable,Normal
INC-10710,Pioneer Energy,Energy,P4,P4,False,,2026-08-06 01:53:00,2026-08-06 02:16:00,2026-08-06 07:20:00,2026-08-06 20:42:22.159315,8,5.45,ISR Router,Dallas,Engineer-06,Night,Closed,Critical,False,Not Required,False,Configuration issue suspected,Normal
INC-10711,Summit Retail,Retail,P3,P3,False,,2026-08-02 03:33:00,2026-08-02 03:59:00,2026-08-02 09:55:12,2026-08-02 21:50:59.372958,8,6.37,ISR Router,Phoenix,Engineer-06,Night,Open,Medium,False,Not Required,False,Configuration issue suspected,Normal
INC-10712,Orion Manufacturing,Manufacturing,P2,P2,False,,2026-08-16 10:21:00,2026-08-16 10:27:00,2026-08-16 12:40:48,2026-08-16 21:54:50.775501,4,2.33,Firewall,Austin,Engineer-06,Day,Closed,Low,False,Not Required,False,Packet loss reported,Normal
INC-10713,Apex Financial,BFSI,P4,P4,False,,2026-08-12 19:21:00,2026-08-12 19:41:00,2026-08-13 01:53:24,2026-08-13 09:47:38.349060,8,6.54,Wireless AP,Dallas,Engineer-08,Night,Closed,Critical,False,Not Required,False,High CPU utilization observed,Normal
INC-10714,Northstar Health,Healthcare,P3,P3,False,,2026-08-29 19:44:00,2026-08-29 20:05:00,2026-08-30 00:28:24,2026-08-30 23:50:21.017897,8,4.74,Wireless AP,Charlotte,Engineer-05,Night,Resolved,Medium,False,Not Required,False,Intermittent connectivity reported by customer,Normal
INC-10715,Summit Retail,Retail,P2,P2,False,,2026-08-01 21:09:00,2026-08-01 21:17:00,2026-08-02 00:42:00,2026-08-02 08:37:46.177225,4,3.55,Catalyst 9300,Denver,Engineer-05,Day,Pending Customer,Critical,True,Approved,False,Interface flapping,Normal
INC-10716,Orion Manufacturing,Manufacturing,P3,P3,False,,2026-08-22 12:44:00,2026-08-22 12:55:00,2026-08-22 20:09:12,2026-08-23 12:31:38.571216,8,7.42,Catalyst 9300,Phoenix,Engineer-03,Night,Open,Medium,False,Not Required,False,Interface flapping,Normal
INC-10717,Northstar Health,Healthcare,P4,P4,False,,2026-08-24 13:38:00,2026-08-24 13:55:00,2026-08-24 19:38:00,2026-08-25 04:36:40.602918,8,6.0,Wireless AP,Atlanta,Engineer-06,Day,Escalated,High,False,Not Required,False,Customer unable to access network services,Normal
INC-10718,Apex Financial,BFSI,P3,P2,True,2026-08-30 03:01:00,2026-08-30 02:41:00,2026-08-30 03:07:00,2026-08-30 05:05:48,2026-08-30 12:42:28.459662,4,2.08,Catalyst 9500,Dallas,Engineer-03,Day,Pending Customer,High,True,Delivered,False,Packet loss reported,Normal
INC-10719,Orion Manufacturing,Manufacturing,P1,P1,False,,2026-08-31 13:11:00,2026-08-31 13:18:00,2026-08-31 15:53:00,2026-09-01 04:46:56.461710,4,2.7,Catalyst 9500,Chicago,Engineer-05,Night,Closed,Critical,True,Requested,False,High interface error rate detected,Normal
INC-10720,Northstar Health,Healthcare,P4,P2,True,2026-08-14 01:27:00,2026-08-14 01:19:00,2026-08-14 01:39:00,2026-08-14 04:51:36,2026-08-15 02:36:55.859995,4,3.41,Wireless AP,Austin,Engineer-03,Night,Investigating,Critical,False,Not Required,False,Hardware failure reported,Normal
INC-10721,Summit Retail,Retail,P4,P1,True,2026-08-11 22:56:00,2026-08-11 22:37:00,2026-08-11 23:05:00,2026-08-12 01:00:48,2026-08-12 08:10:33.915507,4,2.08,Firewall,Boston,Engineer-02,Day,Escalated,Critical,True,Delivered,False,Configuration issue suspected,Normal
INC-10722,Apex Financial,BFSI,P4,P2,True,2026-08-06 09:41:00,2026-08-06 09:22:00,2026-08-06 09:49:00,2026-08-06 12:12:12,2026-08-06 13:42:20.928301,4,2.52,Firewall,Boston,Engineer-05,Night,Pending Customer,High,True,Shipment Delayed,True,Network performance degradation,Normal
INC-10723,Orion Manufacturing,Manufacturing,P3,P3,False,,2026-08-09 11:29:00,2026-08-09 11:56:00,2026-08-09 17:47:36,2026-08-10 15:55:30.580970,8,6.31,Catalyst 9500,Atlanta,Engineer-02,Day,Investigating,Medium,False,Not Required,False,Unexpected device restart,Normal
INC-10724,Pioneer Energy,Energy,P3,P3,False,,2026-08-03 10:59:00,2026-08-03 11:24:00,2026-08-03 17:47:36,2026-08-04 04:30:41.476467,8,6.81,Catalyst 9300,Denver,Engineer-06,Night,Open,Low,True,Shipment Delayed,False,Network latency observed at site,Normal
INC-10725,Northstar Health,Healthcare,P4,P2,True,2026-08-07 14:25:00,2026-08-07 13:17:00,2026-08-07 13:30:00,2026-08-07 17:35:48,2026-08-08 07:22:10.748645,4,3.18,Wireless AP,Denver,Engineer-04,Night,Pending Customer,Medium,False,Not Required,False,Hardware failure reported,Normal
INC-10726,BluePeak Telecom,Telecommunications,P3,P3,False,,2026-08-26 20:20:00,2026-08-26 20:28:00,2026-08-27 01:09:48,2026-08-27 02:34:44.438053,8,4.83,Catalyst 9300,Charlotte,Engineer-04,Day,Escalated,Medium,False,Not Required,True,Network performance degradation,Normal
INC-10727,BluePeak Telecom,Telecommunications,P3,P3,False,,2026-08-18 00:21:00,2026-08-18 00:36:00,2026-08-18 05:33:00,2026-08-19 01:28:13.656571,8,5.2,Firewall,Minneapolis,Engineer-10,Night,Closed,High,False,Not Required,False,Hardware failure reported,Normal
INC-10728,Pioneer Energy,Energy,P4,P4,False,,2026-08-03 20:31:00,2026-08-03 20:53:00,2026-08-04 04:12:24,2026-08-04 07:07:04.017447,8,7.69,Catalyst 9500,Seattle,Engineer-03,Night,Pending Customer,Low,False,Not Required,False,High CPU utilization observed,Normal
INC-10729,BluePeak Telecom,Telecommunications,P3,P3,False,,2026-08-14 00:48:00,2026-08-14 01:02:00,2026-08-14 06:53:24,2026-08-14 19:10:38.669390,8,6.09,ISR Router,Boston,Engineer-08,Night,Open,Medium,False,Not Required,False,Network latency observed at site,Normal
INC-10730,Meridian Public Services,Public Sector,P4,P4,False,,2026-08-06 05:49:00,2026-08-06 06:17:00,2026-08-06 13:29:12,2026-08-07 03:08:17.825468,8,7.67,Wireless AP,Dallas,Engineer-02,Day,Escalated,Medium,False,Not Required,False,Wireless connectivity issue,Normal
INC-10731,BluePeak Telecom,Telecommunications,P3,P3,False,,2026-08-25 14:18:00,2026-08-25 14:37:00,2026-08-25 18:53:24,2026-08-26 15:58:36.709069,8,4.59,ISR Router,Boston,Engineer-02,Night,Resolved,Critical,False,Not Required,True,Configuration issue suspected,Normal
INC-10732,Summit Retail,Retail,P4,P4,False,,2026-08-21 00:39:00,2026-08-21 00:51:00,2026-08-21 05:10:12,2026-08-21 20:25:41.400406,8,4.52,Wireless AP,Atlanta,Engineer-02,Night,Resolved,Critical,False,Not Required,False,Network performance degradation,Normal
INC-10733,Orion Manufacturing,Manufacturing,P4,P4,False,,2026-08-01 23:38:00,2026-08-02 00:03:00,2026-08-02 05:05:36,2026-08-02 17:51:14.575580,8,5.46,Catalyst 9300,Boston,Engineer-10,Day,Investigating,Critical,False,Not Required,False,Hardware failure reported,Normal
INC-10734,Pioneer Energy,Energy,P2,P2,False,,2026-08-03 00:13:00,2026-08-03 00:25:00,2026-08-03 03:01:00,2026-08-03 19:44:27.966378,4,2.8,ISR Router,Phoenix,Engineer-03,Night,Closed,High,False,Not Required,False,Wireless connectivity issue,Normal
INC-10735,Meridian Public Services,Public Sector,P4,P1,True,2026-08-22 23:53:00,2026-08-22 21:26:00,2026-08-22 21:37:00,2026-08-23 02:00:12,2026-08-23 10:08:47.019789,4,2.12,Wireless AP,Seattle,Engineer-02,Night,Investigating,Critical,False,Not Required,False,Wireless connectivity issue,Normal
INC-10736,Northstar Health,Healthcare,P3,P3,False,,2026-08-27 23:49:00,2026-08-27 23:55:00,2026-08-28 05:10:36,2026-08-28 22:39:32.518907,8,5.36,Firewall,Seattle,Engineer-01,Night,Escalated,Low,False,Not Required,False,High interface error rate detected,Normal
INC-10737,Orion Manufacturing,Manufacturing,P4,P4,False,,2026-08-22 10:09:00,2026-08-22 10:21:00,2026-08-22 17:07:48,2026-08-22 22:57:43.036691,8,6.98,Catalyst 9300,Denver,Engineer-03,Night,Resolved,Low,True,Shipment Delayed,False,Customer unable to access network services,Normal
INC-10738,Pioneer Energy,Energy,P3,P3,False,,2026-08-09 18:17:00,2026-08-09 18:41:00,2026-08-09 22:24:48,2026-08-10 02:38:01.737354,8,4.13,Wireless AP,Phoenix,Engineer-05,Night,Pending Customer,Critical,False,Not Required,True,Unexpected device restart,Normal
INC-10739,Summit Retail,Retail,P3,P3,False,,2026-08-10 04:47:00,2026-08-10 05:14:00,2026-08-10 09:15:48,2026-08-11 00:14:04.812139,8,4.48,Firewall,Boston,Engineer-05,Night,Closed,High,False,Not Required,False,Network latency observed at site,Normal
INC-10740,Vertex Technologies,Technology,P3,P3,False,,2026-08-24 16:25:00,2026-08-24 16:45:00,2026-08-24 22:44:12,2026-08-25 03:39:21.958453,8,6.32,Catalyst 9300,Phoenix,Engineer-10,Night,Investigating,Low,False,Not Required,False,Hardware failure reported,Normal
INC-10741,Summit Retail,Retail,P2,P2,False,,2026-08-29 12:00:00,2026-08-29 12:06:00,2026-08-29 14:36:00,2026-08-29 22:42:50.725962,4,2.6,Firewall,Boston,Engineer-07,Night,Closed,Critical,False,Not Required,False,Network latency observed at site,Normal
INC-10742,Northstar Health,Healthcare,P4,P4,False,,2026-08-26 16:57:00,2026-08-26 17:09:00,2026-08-26 23:43:48,2026-08-27 09:05:30.795435,8,6.78,Catalyst 9500,Boston,Engineer-08,Night,Resolved,Low,True,Shipment Delayed,True,Network performance degradation,Normal
INC-10743,Summit Retail,Retail,P3,P3,False,,2026-08-06 22:59:00,2026-08-06 23:24:00,2026-08-07 06:12:12,2026-08-07 12:27:18.546249,8,7.22,Firewall,Denver,Engineer-05,Day,Open,Medium,False,Not Required,False,Interface flapping,Normal
INC-10744,BluePeak Telecom,Telecommunications,P4,P2,True,2026-08-02 06:34:00,2026-08-02 06:14:00,2026-08-02 06:44:00,2026-08-02 08:44:12,2026-08-03 05:40:51.850648,4,2.17,Firewall,Chicago,Engineer-02,Day,Closed,Low,True,Shipment Delayed,True,High interface error rate detected,Normal
INC-10745,Pioneer Energy,Energy,P3,P3,False,,2026-08-01 18:27:00,2026-08-01 18:35:00,2026-08-02 01:09:00,2026-08-02 12:19:50.742313,8,6.7,Catalyst 9300,Minneapolis,Engineer-02,Night,Investigating,Medium,False,Not Required,False,Switch rebooting unexpectedly,Normal
INC-10746,Pioneer Energy,Energy,P3,P3,False,,2026-08-10 20:19:00,2026-08-10 20:32:00,2026-08-11 03:34:00,2026-08-11 10:17:39.021772,8,7.25,Catalyst 9300,Chicago,Engineer-07,Night,Escalated,Medium,False,Not Required,False,Network performance degradation,Normal
INC-10747,BluePeak Telecom,Telecommunications,P3,P3,False,,2026-08-25 13:43:00,2026-08-25 13:57:00,2026-08-25 18:04:00,2026-08-26 14:53:36.074978,8,4.35,Wireless AP,Denver,Engineer-03,Night,Open,Critical,False,Not Required,False,Packet loss reported,Normal
INC-10748,Meridian Public Services,Public Sector,P3,P3,False,,2026-08-04 21:19:00,2026-08-04 21:43:00,2026-08-05 02:06:24,2026-08-05 18:33:36.263058,8,4.79,Catalyst 9500,Denver,Engineer-04,Day,Pending Customer,High,False,Not Required,False,Configuration issue suspected,Normal
INC-10749,Orion Manufacturing,Manufacturing,P4,P4,False,,2026-08-25 23:17:00,2026-08-25 23:29:00,2026-08-26 06:47:00,2026-08-26 18:38:20.082603,8,7.5,Catalyst 9500,Atlanta,Engineer-10,Day,Pending Customer,Critical,False,Not Required,False,Configuration issue suspected,Normal
INC-10750,Meridian Public Services,Public Sector,P3,P3,False,,2026-08-01 12:03:00,2026-08-01 12:21:00,2026-08-01 17:22:48,2026-08-02 12:54:12.698641,8,5.33,ISR Router,Boston,Engineer-06,Night,Escalated,Critical,False,Not Required,False,Device unreachable,Normal
INC-10751,Apex Financial,BFSI,P3,P3,False,,2026-08-18 17:47:00,2026-08-18 17:58:00,2026-08-19 00:46:24,2026-08-19 15:58:37.623395,8,6.99,Catalyst 9500,Phoenix,Engineer-05,Night,Pending Customer,High,False,Not Required,False,Intermittent connectivity reported by customer,Normal
INC-10752,Northstar Health,Healthcare,P4,P4,False,,2026-08-25 21:24:00,2026-08-25 21:51:00,2026-08-26 05:00:00,2026-08-26 22:14:57.260853,8,7.6,Catalyst 9500,Atlanta,Engineer-06,Night,Closed,Critical,False,Not Required,False,Hardware failure reported,Normal
INC-10753,Orion Manufacturing,Manufacturing,P3,P3,False,,2026-08-16 04:56:00,2026-08-16 05:24:00,2026-08-16 09:12:48,2026-08-17 08:41:18.401179,8,4.28,Catalyst 9300,Denver,Engineer-01,Night,Pending Customer,High,False,Not Required,False,Configuration issue suspected,Normal
INC-10754,Meridian Public Services,Public Sector,P3,P3,False,,2026-08-25 21:16:00,2026-08-25 21:38:00,2026-08-26 03:15:24,2026-08-26 10:57:33.525041,8,5.99,Firewall,Chicago,Engineer-10,Day,Resolved,Critical,True,Requested,False,Switch rebooting unexpectedly,Normal
INC-10755,Summit Retail,Retail,P3,P3,False,,2026-08-22 22:16:00,2026-08-22 22:29:00,2026-08-23 04:31:36,2026-08-24 02:58:42.007315,8,6.26,ISR Router,Minneapolis,Engineer-04,Day,Pending Customer,Medium,True,Shipment Delayed,False,Interface flapping,Normal
INC-10756,Orion Manufacturing,Manufacturing,P3,P3,False,,2026-08-31 16:55:00,2026-08-31 17:10:00,2026-08-31 23:52:36,2026-09-01 12:11:34.384156,8,6.96,Wireless AP,Austin,Engineer-09,Day,Resolved,Low,False,Not Required,False,Packet loss reported,Normal
INC-10757,Northstar Health,Healthcare,P3,P3,False,,2026-08-21 06:48:00,2026-08-21 06:55:00,2026-08-21 13:40:48,2026-08-22 00:35:30.389138,8,6.88,Firewall,Denver,Engineer-09,Day,Resolved,Low,False,Not Required,False,Network latency observed at site,Normal
INC-10758,Meridian Public Services,Public Sector,P4,P4,False,,2026-08-10 00:39:00,2026-08-10 00:56:00,2026-08-10 04:43:12,2026-08-10 10:54:01.038722,8,4.07,ISR Router,Denver,Engineer-03,Night,Escalated,Critical,False,Not Required,False,Configuration issue suspected,Normal
INC-10759,Vertex Technologies,Technology,P4,P4,False,,2026-08-12 22:55:00,2026-08-12 23:18:00,2026-08-13 03:29:12,2026-08-13 22:15:55.737690,8,4.57,Firewall,Boston,Engineer-09,Night,Closed,Medium,False,Not Required,False,Network performance degradation,Normal
INC-10760,Apex Financial,BFSI,P3,P3,False,,2026-08-08 21:13:00,2026-08-08 21:24:00,2026-08-09 02:21:24,2026-08-09 13:06:54.685270,8,5.14,Firewall,Dallas,Engineer-01,Day,Resolved,Low,False,Not Required,False,Packet loss reported,Normal
INC-10761,Vertex Technologies,Technology,P1,P1,False,,2026-08-28 23:54:00,2026-08-29 00:02:00,2026-08-29 02:34:12,2026-08-29 13:50:48.065652,4,2.67,ISR Router,Austin,Engineer-03,Night,Open,Critical,False,Not Required,False,High interface error rate detected,Normal
INC-10762,Orion Manufacturing,Manufacturing,P2,P2,False,,2026-08-07 03:31:00,2026-08-07 03:41:00,2026-08-07 06:49:36,2026-08-07 15:06:53.629309,4,3.31,Firewall,Denver,Engineer-02,Day,Resolved,Low,False,Not Required,False,Hardware failure reported,Normal
INC-10763,Summit Retail,Retail,P3,P3,False,,2026-08-31 03:22:00,2026-08-31 03:38:00,2026-08-31 10:55:00,2026-09-01 07:09:25.067755,8,7.55,Wireless AP,Chicago,Engineer-09,Day,Escalated,Low,False,Not Required,False,Intermittent connectivity reported by customer,Normal
INC-10764,BluePeak Telecom,Telecommunications,P1,P1,False,,2026-08-28 07:11:00,2026-08-28 07:16:00,2026-08-28 09:24:12,2026-08-28 13:59:08.788472,4,2.22,Catalyst 9500,Denver,Engineer-07,Night,Open,High,False,Not Required,False,Device unreachable,Normal
INC-10765,Apex Financial,BFSI,P3,P3,False,,2026-08-17 04:47:00,2026-08-17 05:13:00,2026-08-17 09:27:48,2026-08-18 06:40:55.609683,8,4.68,Firewall,Phoenix,Engineer-05,Night,Resolved,Medium,True,Approved,True,High CPU utilization observed,Normal
INC-10766,Vertex Technologies,Technology,P4,P4,False,,2026-08-29 15:02:00,2026-08-29 15:30:00,2026-08-29 22:18:12,2026-08-30 20:18:56.170119,8,7.27,ISR Router,Charlotte,Engineer-06,Night,Resolved,Low,True,Delivered,False,Packet loss reported,Normal
INC-10767,Meridian Public Services,Public Sector,P4,P2,True,2026-08-15 15:58:00,2026-08-15 13:54:00,2026-08-15 13:59:00,2026-08-15 18:31:00,2026-08-16 04:14:53.522017,4,2.55,Catalyst 9500,Denver,Engineer-01,Night,Investigating,Critical,False,Not Required,False,Switch rebooting unexpectedly,Normal
INC-10768,Summit Retail,Retail,P2,P2,False,,2026-08-17 04:51:00,2026-08-17 04:58:00,2026-08-17 07:14:24,2026-08-17 10:07:49.247902,4,2.39,Firewall,Denver,Engineer-08,Night,Closed,Medium,True,Delivered,False,High interface error rate detected,Normal
INC-10769,Northstar Health,Healthcare,P3,P3,False,,2026-08-22 18:33:00,2026-08-22 18:54:00,2026-08-23 00:42:36,2026-08-23 22:01:56.659141,8,6.16,Catalyst 9500,Phoenix,Engineer-05,Day,Closed,High,False,Not Required,False,Network performance degradation,Normal
INC-10770,Orion Manufacturing,Manufacturing,P3,P3,False,,2026-08-06 00:09:00,2026-08-06 00:34:00,2026-08-06 04:16:48,2026-08-06 23:33:35.139564,8,4.13,ISR Router,Atlanta,Engineer-10,Day,Closed,Critical,False,Not Required,False,Customer unable to access network services,Normal
INC-10771,Pioneer Energy,Energy,P3,P3,False,,2026-08-04 23:17:00,2026-08-04 23:42:00,2026-08-05 06:09:48,2026-08-06 04:24:45.730255,8,6.88,Wireless AP,Boston,Engineer-04,Night,Escalated,Critical,False,Not Required,False,Wireless connectivity issue,Normal
INC-10772,BluePeak Telecom,Telecommunications,P4,P4,False,,2026-08-26 11:27:00,2026-08-26 11:52:00,2026-08-26 15:33:00,2026-08-27 05:02:46.795536,8,4.1,ISR Router,Minneapolis,Engineer-09,Night,Closed,High,True,Delivered,False,Switch rebooting unexpectedly,Normal
INC-10773,Northstar Health,Healthcare,P3,P3,False,,2026-08-31 16:11:00,2026-08-31 16:28:00,2026-08-31 23:15:48,2026-09-01 20:37:57.689937,8,7.08,Firewall,Chicago,Engineer-03,Night,Pending Customer,Critical,False,Not Required,False,Interface flapping,Normal
INC-10774,Vertex Technologies,Technology,P4,P4,False,,2026-08-08 22:33:00,2026-08-08 22:43:00,2026-08-09 03:57:00,2026-08-09 07:15:11.432467,8,5.4,Catalyst 9300,Phoenix,Engineer-06,Day,Resolved,Low,False,Not Required,False,High interface error rate detected,Normal
INC-10775,Vertex Technologies,Technology,P4,P4,False,,2026-08-10 12:57:00,2026-08-10 13:18:00,2026-08-10 20:36:00,2026-08-11 18:09:22.044152,8,7.65,Catalyst 9500,Seattle,Engineer-10,Night,Investigating,Low,False,Not Required,False,Device unreachable,Normal
INC-10776,BluePeak Telecom,Telecommunications,P2,P2,False,,2026-08-14 04:09:00,2026-08-14 04:21:00,2026-08-14 07:35:24,2026-08-15 02:10:32.294643,4,3.44,Catalyst 9300,Denver,Engineer-05,Night,Investigating,Low,False,Not Required,False,Unexpected device restart,Normal
INC-10777,Vertex Technologies,Technology,P4,P2,True,2026-08-05 15:37:00,2026-08-05 12:07:00,2026-08-05 12:14:00,2026-08-05 17:58:36,2026-08-05 18:45:07.418466,4,2.36,Wireless AP,Atlanta,Engineer-07,Night,Resolved,Medium,False,Not Required,False,Wireless connectivity issue,Normal
INC-10778,Northstar Health,Healthcare,P3,P3,False,,2026-08-27 03:34:00,2026-08-27 04:02:00,2026-08-27 09:51:24,2026-08-27 14:23:28.423079,8,6.29,Firewall,Chicago,Engineer-09,Day,Closed,Critical,False,Not Required,False,Hardware failure reported,Normal
INC-10779,Summit Retail,Retail,P3,P3,False,,2026-08-23 22:55:00,2026-08-23 23:15:00,2026-08-24 05:45:24,2026-08-24 11:55:23.646718,8,6.84,ISR Router,Austin,Engineer-07,Night,Open,Critical,True,Shipment Delayed,False,Network performance degradation,Normal
INC-10780,Summit Retail,Retail,P4,P4,False,,2026-08-24 23:17:00,2026-08-24 23:30:00,2026-08-25 05:41:00,2026-08-25 14:14:47.096808,8,6.4,Catalyst 9500,Minneapolis,Engineer-07,Night,Open,Low,False,Not Required,False,Network performance degradation,Normal
INC-10781,Summit Retail,Retail,P3,P3,False,,2026-08-09 03:49:00,2026-08-09 04:16:00,2026-08-09 09:38:48,2026-08-10 00:35:57.843403,8,5.83,Catalyst 9300,Austin,Engineer-02,Night,Investigating,Critical,False,Not Required,False,Hardware failure reported,Normal
INC-10782,Orion Manufacturing,Manufacturing,P4,P4,False,,2026-08-19 21:45:00,2026-08-19 22:09:00,2026-08-20 03:19:48,2026-08-20 13:23:10.094271,8,5.58,Catalyst 9300,Dallas,Engineer-02,Day,Resolved,Low,False,Not Required,False,Switch rebooting unexpectedly,Normal
INC-10783,Pioneer Energy,Energy,P4,P1,True,2026-08-01 20:39:00,2026-08-01 20:21:00,2026-08-01 20:42:00,2026-08-01 23:55:48,2026-08-02 20:10:00.810907,4,3.28,Wireless AP,Dallas,Engineer-09,Day,Escalated,Critical,False,Not Required,False,High interface error rate detected,Normal
INC-10784,Summit Retail,Retail,P4,P4,False,,2026-08-25 05:13:00,2026-08-25 05:35:00,2026-08-25 12:06:24,2026-08-26 01:41:38.594898,8,6.89,ISR Router,Phoenix,Engineer-05,Night,Open,Critical,False,Not Required,False,Packet loss reported,Normal
INC-10785,Summit Retail,Retail,P3,P3,False,,2026-08-30 23:05:00,2026-08-30 23:30:00,2026-08-31 04:36:12,2026-08-31 19:54:17.017314,8,5.52,Catalyst 9500,Minneapolis,Engineer-02,Night,Pending Customer,Medium,False,Not Required,False,Hardware failure reported,Normal
INC-10786,Vertex Technologies,Technology,P4,P4,False,,2026-08-04 06:37:00,2026-08-04 06:51:00,2026-08-04 14:01:36,2026-08-05 07:07:54.903323,8,7.41,ISR Router,Minneapolis,Engineer-06,Night,Escalated,Medium,False,Not Required,False,Packet loss reported,Normal
INC-10787,Meridian Public Services,Public Sector,P4,P2,True,2026-08-18 11:42:00,2026-08-18 11:25:00,2026-08-18 11:46:00,2026-08-18 15:10:48,2026-08-19 08:49:52.178969,4,3.48,Wireless AP,Dallas,Engineer-02,Day,Open,Critical,False,Not Required,False,Switch rebooting unexpectedly,Normal
INC-10788,Northstar Health,Healthcare,P4,P4,False,,2026-08-16 07:53:00,2026-08-16 08:20:00,2026-08-16 15:34:24,2026-08-16 22:12:59.123931,8,7.69,ISR Router,Phoenix,Engineer-08,Day,Investigating,Medium,False,Not Required,False,Configuration issue suspected,Normal
INC-10789,Vertex Technologies,Technology,P4,P4,False,,2026-08-18 18:12:00,2026-08-18 18:30:00,2026-08-18 22:54:00,2026-08-19 11:49:37.710974,8,4.7,Catalyst 9500,Austin,Engineer-05,Day,Open,Critical,False,Not Required,False,High interface error rate detected,Normal
INC-10790,Orion Manufacturing,Manufacturing,P3,P3,False,,2026-08-31 22:08:00,2026-08-31 22:23:00,2026-09-01 05:21:12,2026-09-02 05:02:13.979623,8,7.22,ISR Router,Boston,Engineer-05,Night,Pending Customer,Medium,False,Not Required,False,Packet loss reported,Normal
INC-10791,Meridian Public Services,Public Sector,P4,P4,False,,2026-08-21 17:52:00,2026-08-21 18:04:00,2026-08-21 23:36:24,2026-08-22 13:48:52.657892,8,5.74,Catalyst 9300,Seattle,Engineer-08,Night,Open,Medium,True,Customer Return Pending,False,Customer unable to access network services,Normal
INC-10792,Orion Manufacturing,Manufacturing,P4,P4,False,,2026-08-23 04:04:00,2026-08-23 04:30:00,2026-08-23 09:23:48,2026-08-24 08:21:19.995801,8,5.33,Catalyst 9300,Atlanta,Engineer-01,Night,Resolved,Low,False,Not Required,False,Network performance degradation,Normal
INC-10793,Apex Financial,BFSI,P3,P3,False,,2026-08-10 10:14:00,2026-08-10 10:37:00,2026-08-10 17:13:24,2026-08-11 05:54:22.668398,8,6.99,Firewall,Minneapolis,Engineer-07,Day,Escalated,Critical,False,Not Required,False,Wireless connectivity issue,Normal
INC-10794,Summit Retail,Retail,P3,P3,False,,2026-08-24 05:46:00,2026-08-24 05:57:00,2026-08-24 10:41:48,2026-08-25 01:31:54.308827,8,4.93,Catalyst 9300,Dallas,Engineer-01,Night,Resolved,Low,False,Not Required,False,Switch rebooting unexpectedly,Normal
INC-10795,Meridian Public Services,Public Sector,P3,P3,False,,2026-08-13 13:24:00,2026-08-13 13:51:00,2026-08-13 19:10:48,2026-08-14 15:40:01.587052,8,5.78,Catalyst 9300,Minneapolis,Engineer-02,Night,Open,Critical,False,Not Required,False,Switch rebooting unexpectedly,Normal
INC-10796,Meridian Public Services,Public Sector,P3,P3,False,,2026-08-21 20:05:00,2026-08-21 20:20:00,2026-08-22 01:46:24,2026-08-22 04:56:09.509144,8,5.69,Wireless AP,Chicago,Engineer-08,Day,Investigating,Critical,False,Not Required,False,Device unreachable,Normal
INC-10797,Apex Financial,BFSI,P1,P1,False,,2026-08-13 09:01:00,2026-08-13 09:11:00,2026-08-13 12:31:00,2026-08-14 11:29:52.928868,4,3.5,Firewall,Austin,Engineer-06,Day,Investigating,Low,False,Not Required,False,Intermittent connectivity reported by customer,Normal
INC-10798,Meridian Public Services,Public Sector,P3,P3,False,,2026-08-23 05:32:00,2026-08-23 05:41:00,2026-08-23 12:35:00,2026-08-23 23:49:14.813809,8,7.05,Firewall,Phoenix,Engineer-06,Day,Closed,High,False,Not Required,False,Network latency observed at site,Normal
INC-10799,Northstar Health,Healthcare,P4,P4,False,,2026-08-20 04:39:00,2026-08-20 04:54:00,2026-08-20 12:10:12,2026-08-21 10:31:40.615746,8,7.52,ISR Router,Chicago,Engineer-02,Night,Closed,Medium,False,Not Required,False,Network latency observed at site,Normal
INC-10800,Pioneer Energy,Energy,P3,P3,False,,2026-08-07 12:02:00,2026-08-07 12:18:00,2026-08-07 16:15:12,2026-08-08 15:50:50.218381,8,4.22,Catalyst 9300,Seattle,Engineer-02,Night,Investigating,Medium,False,Not Required,False,Packet loss reported,Normal
INC-10801,Northstar Health,Healthcare,P3,P1,True,2026-08-10 20:44:00,2026-08-10 20:27:00,2026-08-10 20:48:00,2026-08-10 23:35:36,2026-08-11 11:36:30.622895,4,2.86,Firewall,Denver,Engineer-06,Night,Resolved,Medium,False,Not Required,False,Network performance degradation,Normal
INC-10802,Orion Manufacturing,Manufacturing,P2,P2,False,,2026-08-03 09:57:00,2026-08-03 10:10:00,2026-08-03 12:15:00,2026-08-03 20:27:50.520651,4,2.3,ISR Router,Minneapolis,Engineer-05,Day,Resolved,Low,True,Requested,True,High interface error rate detected,Normal
INC-10803,BluePeak Telecom,Telecommunications,P4,P4,False,,2026-08-06 16:23:00,2026-08-06 16:49:00,2026-08-06 23:00:12,2026-08-07 20:56:54.821989,8,6.62,Wireless AP,Phoenix,Engineer-06,Day,Closed,Critical,True,Approved,False,High interface error rate detected,Normal
INC-10804,Summit Retail,Retail,P1,P1,False,,2026-08-13 06:57:00,2026-08-13 07:03:00,2026-08-13 10:34:12,2026-08-13 11:40:44.371366,4,3.62,Catalyst 9300,Phoenix,Engineer-08,Day,Resolved,Low,False,Not Required,False,Network performance degradation,Normal
INC-10805,Summit Retail,Retail,P2,P2,False,,2026-08-08 19:42:00,2026-08-08 19:51:00,2026-08-08 23:14:24,2026-08-09 09:57:55.201706,4,3.54,Catalyst 9500,Charlotte,Engineer-04,Night,Escalated,Medium,False,Not Required,False,Intermittent connectivity reported by customer,Normal
INC-10806,BluePeak Telecom,Telecommunications,P3,P3,False,,2026-08-07 15:16:00,2026-08-07 15:40:00,2026-08-07 19:18:24,2026-08-08 12:14:04.915966,8,4.04,Catalyst 9500,Chicago,Engineer-07,Day,Escalated,Critical,True,Delivered,False,High interface error rate detected,Normal
INC-10807,Vertex Technologies,Technology,P3,P3,False,,2026-08-24 08:43:00,2026-08-24 09:10:00,2026-08-24 16:12:24,2026-08-25 02:21:55.335694,8,7.49,Catalyst 9300,Denver,Engineer-02,Day,Escalated,Medium,False,Not Required,False,Switch rebooting unexpectedly,Normal
INC-10808,BluePeak Telecom,Telecommunications,P3,P3,False,,2026-08-02 15:30:00,2026-08-02 15:38:00,2026-08-02 19:55:12,2026-08-02 21:47:40.988034,8,4.42,Catalyst 9300,Denver,Engineer-07,Day,Open,Critical,False,Not Required,True,Configuration issue suspected,Normal
INC-10809,Northstar Health,Healthcare,P3,P3,False,,2026-08-22 16:49:00,2026-08-22 17:00:00,2026-08-22 23:41:48,2026-08-23 17:22:10.561025,8,6.88,Catalyst 9500,Charlotte,Engineer-10,Night,Escalated,Medium,True,Requested,False,Unexpected device restart,Normal
INC-10810,Summit Retail,Retail,P3,P3,False,,2026-08-10 16:04:00,2026-08-10 16:16:00,2026-08-10 20:45:24,2026-08-11 02:13:35.276784,8,4.69,ISR Router,Atlanta,Engineer-06,Night,Investigating,Low,False,Not Required,False,Network performance degradation,Normal
INC-10811,Pioneer Energy,Energy,P3,P3,False,,2026-08-04 21:04:00,2026-08-04 21:22:00,2026-08-05 03:00:24,2026-08-05 04:24:29.837963,8,5.94,Catalyst 9300,Phoenix,Engineer-10,Night,Resolved,Medium,False,Not Required,False,Network latency observed at site,Normal
INC-10812,Summit Retail,Retail,P3,P3,False,,2026-08-27 12:49:00,2026-08-27 13:12:00,2026-08-27 17:16:00,2026-08-27 23:25:50.096512,8,4.45,ISR Router,Austin,Engineer-03,Day,Closed,Low,False,Not Required,False,Wireless connectivity issue,Normal
INC-10813,Northstar Health,Healthcare,P3,P3,False,,2026-08-22 15:39:00,2026-08-22 15:52:00,2026-08-22 20:56:24,2026-08-23 20:39:48.535317,8,5.29,Catalyst 9300,Minneapolis,Engineer-10,Night,Pending Customer,Critical,False,Not Required,False,Network performance degradation,Normal
INC-10814,Meridian Public Services,Public Sector,P4,P4,False,,2026-08-09 05:23:00,2026-08-09 05:51:00,2026-08-09 09:27:48,2026-08-10 04:59:19.299656,8,4.08,Wireless AP,Seattle,Engineer-06,Day,Investigating,Medium,True,Delivered,False,Device unreachable,Normal
INC-10815,Vertex Technologies,Technology,P3,P3,False,,2026-08-31 12:29:00,2026-08-31 12:45:00,2026-08-31 17:45:12,2026-09-01 10:03:24.919605,8,5.27,Wireless AP,Atlanta,Engineer-06,Day,Escalated,Critical,True,Customer Return Pending,False,High CPU utilization observed,Normal
INC-10816,Vertex Technologies,Technology,P3,P3,False,,2026-08-13 04:30:00,2026-08-13 04:38:00,2026-08-13 10:32:24,2026-08-13 21:56:36.080313,8,6.04,Catalyst 9500,Dallas,Engineer-04,Night,Escalated,Critical,False,Not Required,False,Configuration issue suspected,Normal
INC-10817,Orion Manufacturing,Manufacturing,P4,P4,False,,2026-08-31 14:01:00,2026-08-31 14:28:00,2026-08-31 18:47:12,2026-09-01 08:50:12.132580,8,4.77,Catalyst 9300,Phoenix,Engineer-04,Night,Resolved,Critical,False,Not Required,False,Network latency observed at site,Normal
INC-10818,Meridian Public Services,Public Sector,P3,P3,False,,2026-08-25 15:20:00,2026-08-25 15:44:00,2026-08-25 22:50:00,2026-08-26 13:55:00.501507,8,7.5,Wireless AP,Dallas,Engineer-04,Day,Escalated,Critical,False,Not Required,False,Packet loss reported,Normal
INC-10819,Northstar Health,Healthcare,P3,P3,False,,2026-08-07 23:09:00,2026-08-07 23:20:00,2026-08-08 04:18:00,2026-08-08 06:49:06.711376,8,5.15,Catalyst 9300,Denver,Engineer-01,Day,Open,Low,False,Not Required,False,Packet loss reported,Normal
INC-10820,Pioneer Energy,Energy,P4,P4,False,,2026-08-14 03:34:00,2026-08-14 03:58:00,2026-08-14 09:06:24,2026-08-14 23:01:29.785106,8,5.54,Wireless AP,Boston,Engineer-03,Night,Pending Customer,Medium,False,Not Required,False,Switch rebooting unexpectedly,Normal
INC-10821,BluePeak Telecom,Telecommunications,P2,P2,False,,2026-08-13 15:24:00,2026-08-13 15:36:00,2026-08-13 17:42:00,2026-08-13 19:09:32.201096,4,2.3,Catalyst 9500,Denver,Engineer-03,Night,Open,Low,False,Not Required,False,Customer unable to access network services,Normal
INC-10822,Pioneer Energy,Energy,P4,P4,False,,2026-08-29 11:04:00,2026-08-29 11:14:00,2026-08-29 15:34:36,2026-08-29 23:28:44.656008,8,4.51,Firewall,Dallas,Engineer-03,Night,Open,High,False,Not Required,False,Interface flapping,Normal
INC-10823,Vertex Technologies,Technology,P1,P1,False,,2026-08-29 18:26:00,2026-08-29 18:33:00,2026-08-29 21:04:24,2026-08-30 03:53:08.866196,4,2.64,ISR Router,Chicago,Engineer-02,Night,Resolved,Critical,False,Not Required,False,Customer unable to access network services,Normal
INC-10824,Apex Financial,BFSI,P3,P3,False,,2026-08-11 01:17:00,2026-08-11 01:45:00,2026-08-11 09:00:48,2026-08-12 01:07:02.212482,8,7.73,Wireless AP,Boston,Engineer-03,Day,Closed,High,False,Not Required,False,Wireless connectivity issue,Normal
INC-10825,Apex Financial,BFSI,P4,P4,False,,2026-08-02 22:43:00,2026-08-02 22:56:00,2026-08-03 05:19:36,2026-08-03 14:02:46.570739,8,6.61,Catalyst 9500,Dallas,Engineer-01,Day,Pending Customer,Medium,False,Not Required,False,High CPU utilization observed,Normal
INC-10826,Orion Manufacturing,Manufacturing,P3,P3,False,,2026-08-30 14:58:00,2026-08-30 15:24:00,2026-08-30 19:17:12,2026-08-31 11:36:35.230786,8,4.32,Wireless AP,Boston,Engineer-03,Night,Closed,Medium,False,Not Required,False,Device unreachable,Normal
INC-10827,Northstar Health,Healthcare,P2,P2,False,,2026-08-19 07:49:00,2026-08-19 07:55:00,2026-08-19 11:19:36,2026-08-19 12:32:54.626195,4,3.51,Catalyst 9300,Atlanta,Engineer-02,Day,Open,High,True,Shipped,False,Network latency observed at site,Normal
INC-10828,Northstar Health,Healthcare,P2,P2,False,,2026-08-05 06:58:00,2026-08-05 07:04:00,2026-08-05 09:17:12,2026-08-06 02:48:23.464479,4,2.32,Catalyst 9500,Dallas,Engineer-08,Night,Closed,Low,True,Delivered,False,Switch rebooting unexpectedly,Normal
INC-10829,Vertex Technologies,Technology,P3,P3,False,,2026-08-16 19:45:00,2026-08-16 19:55:00,2026-08-17 01:30:36,2026-08-17 19:20:09.560712,8,5.76,Catalyst 9500,Austin,Engineer-02,Night,Pending Customer,Medium,False,Not Required,False,Network performance degradation,Normal
INC-10830,Pioneer Energy,Energy,P2,P2,False,,2026-08-18 18:12:00,2026-08-18 18:18:00,2026-08-18 21:25:48,2026-08-19 00:10:22.564111,4,3.23,Catalyst 9500,Seattle,Engineer-01,Day,Investigating,High,False,Not Required,False,Wireless connectivity issue,Normal
INC-10831,Vertex Technologies,Technology,P3,P3,False,,2026-08-12 23:15:00,2026-08-12 23:36:00,2026-08-13 03:16:48,2026-08-14 00:45:46.042964,8,4.03,Catalyst 9500,Charlotte,Engineer-10,Night,Resolved,High,False,Not Required,False,High CPU utilization observed,Normal
INC-10832,Meridian Public Services,Public Sector,P3,P3,False,,2026-08-03 21:48:00,2026-08-03 22:15:00,2026-08-04 03:28:12,2026-08-05 02:56:41.482584,8,5.67,Catalyst 9300,Austin,Engineer-02,Night,Pending Customer,Low,False,Not Required,False,Unexpected device restart,Normal
INC-10833,Summit Retail,Retail,P3,P3,False,,2026-08-16 11:31:00,2026-08-16 11:45:00,2026-08-16 18:22:36,2026-08-17 02:35:11.703017,8,6.86,Firewall,Denver,Engineer-10,Night,Closed,High,False,Not Required,False,High interface error rate detected,Normal
INC-10834,Meridian Public Services,Public Sector,P3,P3,False,,2026-08-15 04:09:00,2026-08-15 04:37:00,2026-08-15 10:57:36,2026-08-15 21:36:38.645131,8,6.81,Catalyst 9300,Boston,Engineer-07,Night,Escalated,Critical,True,Approved,False,Packet loss reported,Normal
INC-10835,Orion Manufacturing,Manufacturing,P2,P2,False,,2026-08-31 05:13:00,2026-08-31 05:19:00,2026-08-31 07:14:48,2026-08-31 19:06:33.464801,4,2.03,Catalyst 9500,Charlotte,Engineer-06,Day,Escalated,Medium,False,Not Required,False,Customer unable to access network services,Normal
INC-10836,Pioneer Energy,Energy,P3,P3,False,,2026-08-14 05:31:00,2026-08-14 05:57:00,2026-08-14 09:44:12,2026-08-15 08:50:59.183695,8,4.22,Wireless AP,Atlanta,Engineer-05,Night,Investigating,Critical,True,Shipped,False,Wireless connectivity issue,Normal
INC-10837,BluePeak Telecom,Telecommunications,P1,P1,False,,2026-08-10 20:10:00,2026-08-10 20:20:00,2026-08-10 23:16:00,2026-08-11 15:59:59.966643,4,3.1,Catalyst 9500,Phoenix,Engineer-09,Night,Investigating,Critical,False,Not Required,False,High CPU utilization observed,Normal
INC-10838,Meridian Public Services,Public Sector,P3,P3,False,,2026-08-03 00:28:00,2026-08-03 00:44:00,2026-08-03 06:01:36,2026-08-03 11:50:38.955880,8,5.56,Firewall,Chicago,Engineer-06,Night,Closed,Medium,False,Not Required,False,High interface error rate detected,Normal
INC-10839,Summit Retail,Retail,P4,P4,False,,2026-08-31 10:50:00,2026-08-31 11:15:00,2026-08-31 16:59:00,2026-09-01 14:56:42.335120,8,6.15,Wireless AP,Chicago,Engineer-09,Night,Resolved,High,False,Not Required,False,Customer unable to access network services,Normal
INC-10840,Vertex Technologies,Technology,P3,P2,True,2026-08-03 16:44:00,2026-08-03 16:31:00,2026-08-03 16:48:00,2026-08-03 19:31:24,2026-08-04 14:11:15.470451,4,2.79,Wireless AP,Dallas,Engineer-08,Day,Pending Customer,Low,False,Not Required,False,Configuration issue suspected,Normal
INC-10841,Meridian Public Services,Public Sector,P3,P3,False,,2026-08-16 17:09:00,2026-08-16 17:22:00,2026-08-17 00:44:24,2026-08-17 12:53:16.970747,8,7.59,ISR Router,Austin,Engineer-08,Day,Investigating,Low,False,Not Required,False,Network performance degradation,Normal
INC-10842,Vertex Technologies,Technology,P4,P4,False,,2026-08-26 16:18:00,2026-08-26 16:30:00,2026-08-26 23:16:12,2026-08-27 09:59:55.681769,8,6.97,Catalyst 9500,Dallas,Engineer-10,Day,Pending Customer,Low,False,Not Required,True,Unexpected device restart,Normal
INC-10843,BluePeak Telecom,Telecommunications,P2,P2,False,,2026-08-15 04:28:00,2026-08-15 04:39:00,2026-08-15 07:26:12,2026-08-15 22:05:42.371404,4,2.97,Catalyst 9500,Atlanta,Engineer-05,Day,Open,Critical,False,Not Required,True,Network performance degradation,Normal
INC-10844,BluePeak Telecom,Telecommunications,P3,P1,True,2026-08-28 10:44:00,2026-08-28 10:35:00,2026-08-28 10:52:00,2026-08-28 14:11:36,2026-08-28 23:40:08.405047,4,3.46,Wireless AP,Chicago,Engineer-04,Night,Pending Customer,Medium,True,Delivered,False,Network latency observed at site,Normal
INC-10845,Orion Manufacturing,Manufacturing,P3,P3,False,,2026-08-29 16:03:00,2026-08-29 16:31:00,2026-08-29 22:44:24,2026-08-30 02:46:22.567463,8,6.69,Catalyst 9500,Boston,Engineer-10,Day,Closed,High,True,Requested,False,Device unreachable,Normal
INC-10846,Northstar Health,Healthcare,P2,P2,False,,2026-08-11 02:31:00,2026-08-11 02:42:00,2026-08-11 05:28:00,2026-08-11 18:32:03.449644,4,2.95,Firewall,Atlanta,Engineer-04,Day,Pending Customer,High,False,Not Required,False,Packet loss reported,Normal
INC-10847,Meridian Public Services,Public Sector,P3,P1,True,2026-08-02 21:13:00,2026-08-02 20:53:00,2026-08-02 21:16:00,2026-08-02 23:17:12,2026-08-03 17:23:58.097085,4,2.07,Firewall,Denver,Engineer-04,Night,Investigating,High,False,Not Required,False,Switch rebooting unexpectedly,Normal
INC-10848,Meridian Public Services,Public Sector,P1,P1,False,,2026-08-25 09:31:00,2026-08-25 09:36:00,2026-08-25 12:41:12,2026-08-26 05:43:13.928891,4,3.17,Firewall,Boston,Engineer-06,Night,Closed,Critical,False,Not Required,True,Network performance degradation,Normal
INC-10849,Apex Financial,BFSI,P3,P3,False,,2026-08-29 05:25:00,2026-08-29 05:36:00,2026-08-29 09:59:12,2026-08-29 11:09:20.575444,8,4.57,Catalyst 9500,Phoenix,Engineer-10,Night,Open,Low,False,Not Required,False,Packet loss reported,Normal
INC-10850,BluePeak Telecom,Telecommunications,P4,P4,False,,2026-08-07 10:57:00,2026-08-07 11:10:00,2026-08-07 16:25:12,2026-08-08 08:22:50.306343,8,5.47,Firewall,Boston,Engineer-09,Night,Investigating,Medium,False,Not Required,False,High interface error rate detected,Normal
INC-10851,Orion Manufacturing,Manufacturing,P4,P4,False,,2026-08-07 18:47:00,2026-08-07 19:15:00,2026-08-07 23:54:12,2026-08-08 16:46:03.285062,8,5.12,Catalyst 9500,Atlanta,Engineer-02,Day,Escalated,Low,False,Not Required,False,Customer unable to access network services,Normal
INC-10852,BluePeak Telecom,Telecommunications,P3,P1,True,2026-08-07 06:15:00,2026-08-07 05:55:00,2026-08-07 06:24:00,2026-08-07 09:30:36,2026-08-07 20:42:28.822848,4,3.26,ISR Router,Minneapolis,Engineer-01,Day,Resolved,High,False,Not Required,False,High interface error rate detected,Normal
INC-10853,Pioneer Energy,Energy,P2,P2,False,,2026-08-04 00:54:00,2026-08-04 00:59:00,2026-08-04 03:58:48,2026-08-05 00:41:41.342932,4,3.08,Wireless AP,Seattle,Engineer-10,Night,Closed,Medium,False,Not Required,False,High interface error rate detected,Normal
INC-10854,BluePeak Telecom,Telecommunications,P3,P3,False,,2026-08-14 23:56:00,2026-08-15 00:12:00,2026-08-15 04:13:24,2026-08-15 14:49:31.926095,8,4.29,Wireless AP,Charlotte,Engineer-10,Day,Open,High,True,Requested,False,Intermittent connectivity reported by customer,Normal
INC-10855,BluePeak Telecom,Telecommunications,P4,P4,False,,2026-08-06 00:07:00,2026-08-06 00:14:00,2026-08-06 06:50:12,2026-08-06 18:18:26.251013,8,6.72,Catalyst 9500,Chicago,Engineer-08,Day,Open,Low,False,Not Required,False,Network performance degradation,Normal
INC-10856,BluePeak Telecom,Telecommunications,P3,P3,False,,2026-08-13 00:02:00,2026-08-13 00:22:00,2026-08-13 05:39:12,2026-08-13 17:21:52.091082,8,5.62,ISR Router,Austin,Engineer-10,Night,Open,Medium,False,Not Required,True,Unexpected device restart,Normal
INC-10857,Apex Financial,BFSI,P1,P1,False,,2026-08-09 06:15:00,2026-08-09 06:27:00,2026-08-09 09:40:12,2026-08-10 09:34:27.341263,4,3.42,Catalyst 9300,Chicago,Engineer-05,Night,Investigating,High,True,Customer Return Pending,False,Customer unable to access network services,Normal
INC-10858,Orion Manufacturing,Manufacturing,P3,P3,False,,2026-08-16 17:10:00,2026-08-16 17:26:00,2026-08-16 23:38:12,2026-08-17 09:10:33.344682,8,6.47,Firewall,Minneapolis,Engineer-04,Day,Pending Customer,Low,False,Not Required,False,Packet loss reported,Normal
INC-10859,Summit Retail,Retail,P4,P2,True,2026-08-22 17:44:00,2026-08-22 17:26:00,2026-08-22 17:48:00,2026-08-22 20:47:00,2026-08-23 17:49:59.150286,4,3.05,Wireless AP,Atlanta,Engineer-10,Night,Pending Customer,High,False,Not Required,False,Interface flapping,Normal
INC-10860,Pioneer Energy,Energy,P3,P3,False,,2026-08-27 23:10:00,2026-08-27 23:33:00,2026-08-28 03:41:12,2026-08-28 23:27:38.180642,8,4.52,Wireless AP,Seattle,Engineer-03,Day,Pending Customer,Medium,False,Not Required,False,Configuration issue suspected,Normal
INC-10861,Northstar Health,Healthcare,P3,P3,False,,2026-08-31 05:47:00,2026-08-31 05:59:00,2026-08-31 12:21:12,2026-09-01 07:28:15.567412,8,6.57,Wireless AP,Denver,Engineer-09,Day,Resolved,Low,False,Not Required,False,Switch rebooting unexpectedly,Normal
INC-10862,Summit Retail,Retail,P4,P4,False,,2026-08-04 07:40:00,2026-08-04 08:05:00,2026-08-04 13:22:00,2026-08-05 09:33:24.120368,8,5.7,Firewall,Charlotte,Engineer-09,Night,Investigating,High,False,Not Required,False,Hardware failure reported,Normal
INC-10863,Apex Financial,BFSI,P3,P3,False,,2026-08-27 06:34:00,2026-08-27 06:59:00,2026-08-27 10:55:36,2026-08-28 06:39:36.132220,8,4.36,Firewall,Denver,Engineer-08,Day,Open,High,True,Requested,False,Unexpected device restart,Normal
INC-10864,Vertex Technologies,Technology,P4,P4,False,,2026-08-01 22:38:00,2026-08-01 22:52:00,2026-08-02 03:55:24,2026-08-02 13:32:47.039555,8,5.29,Catalyst 9500,Denver,Engineer-02,Night,Escalated,Critical,False,Not Required,False,Switch rebooting unexpectedly,Normal
INC-10865,Pioneer Energy,Energy,P3,P3,False,,2026-08-16 12:48:00,2026-08-16 13:10:00,2026-08-16 19:41:24,2026-08-17 06:24:43.698226,8,6.89,Firewall,Dallas,Engineer-01,Night,Open,High,False,Not Required,False,Interface flapping,Normal
INC-10866,Pioneer Energy,Energy,P3,P1,True,2026-08-15 13:07:00,2026-08-15 12:47:00,2026-08-15 13:10:00,2026-08-15 15:41:12,2026-08-16 05:03:49.413444,4,2.57,Catalyst 9300,Charlotte,Engineer-01,Night,Open,High,False,Not Required,False,Interface flapping,Normal
INC-10867,Orion Manufacturing,Manufacturing,P3,P3,False,,2026-08-23 18:24:00,2026-08-23 18:46:00,2026-08-24 00:51:00,2026-08-24 02:58:13.591903,8,6.45,Catalyst 9300,Austin,Engineer-03,Day,Resolved,Low,False,Not Required,False,Interface flapping,Normal
INC-10868,Pioneer Energy,Energy,P3,P3,False,,2026-08-31 02:12:00,2026-08-31 02:32:00,2026-08-31 08:01:12,2026-08-31 09:09:03.338982,8,5.82,Catalyst 9500,Minneapolis,Engineer-05,Day,Open,High,False,Not Required,False,Device unreachable,Normal
INC-10869,Meridian Public Services,Public Sector,P3,P3,False,,2026-08-23 03:06:00,2026-08-23 03:16:00,2026-08-23 07:37:12,2026-08-24 01:38:53.509340,8,4.52,Wireless AP,Austin,Engineer-05,Day,Investigating,Critical,False,Not Required,False,Packet loss reported,Normal
INC-10870,Pioneer Energy,Energy,P3,P2,True,2026-08-02 08:45:00,2026-08-02 08:27:00,2026-08-02 08:49:00,2026-08-02 10:51:36,2026-08-02 17:36:13.817750,4,2.11,Wireless AP,Boston,Engineer-07,Day,Closed,High,False,Not Required,False,Configuration issue suspected,Normal
INC-10871,Orion Manufacturing,Manufacturing,P3,P3,False,,2026-08-15 21:34:00,2026-08-15 21:50:00,2026-08-16 03:39:24,2026-08-16 15:38:52.442538,8,6.09,Firewall,Phoenix,Engineer-03,Day,Open,Low,False,Not Required,False,Network latency observed at site,Normal
INC-10872,Orion Manufacturing,Manufacturing,P2,P2,False,,2026-08-23 12:00:00,2026-08-23 12:10:00,2026-08-23 14:06:00,2026-08-24 09:13:33.611253,4,2.1,Catalyst 9300,Seattle,Engineer-01,Day,Investigating,High,True,Shipment Delayed,False,Network latency observed at site,Normal
INC-10873,Apex Financial,BFSI,P2,P2,False,,2026-08-16 15:30:00,2026-08-16 15:38:00,2026-08-16 17:40:12,2026-08-17 03:35:26.604156,4,2.17,ISR Router,Atlanta,Engineer-06,Day,Escalated,Medium,False,Not Required,False,Customer unable to access network services,Normal
INC-10874,Northstar Health,Healthcare,P3,P3,False,,2026-08-25 13:53:00,2026-08-25 14:18:00,2026-08-25 19:14:36,2026-08-26 01:25:34.321650,8,5.36,Catalyst 9500,Atlanta,Engineer-09,Day,Open,Low,False,Not Required,True,Interface flapping,Normal
INC-10875,Orion Manufacturing,Manufacturing,P3,P3,False,,2026-08-28 07:47:00,2026-08-28 07:56:00,2026-08-28 13:35:00,2026-08-29 12:25:09.318652,8,5.8,Catalyst 9300,Boston,Engineer-07,Day,Investigating,High,False,Not Required,False,Network performance degradation,Normal
INC-10876,Meridian Public Services,Public Sector,P3,P1,True,2026-08-18 04:09:00,2026-08-18 02:45:00,2026-08-18 02:50:00,2026-08-18 06:48:00,2026-08-18 15:26:42.536005,4,2.65,Catalyst 9500,Dallas,Engineer-09,Night,Escalated,Low,False,Not Required,False,Customer unable to access network services,Normal
INC-10877,Summit Retail,Retail,P3,P3,False,,2026-08-28 22:37:00,2026-08-28 23:04:00,2026-08-29 04:43:00,2026-08-29 21:24:24.817956,8,6.1,ISR Router,Seattle,Engineer-10,Night,Pending Customer,Critical,False,Not Required,False,High interface error rate detected,Normal
INC-10878,Meridian Public Services,Public Sector,P3,P3,False,,2026-08-09 09:38:00,2026-08-09 09:59:00,2026-08-09 14:29:00,2026-08-10 12:48:00.682577,8,4.85,Wireless AP,Boston,Engineer-02,Night,Pending Customer,Low,False,Not Required,False,Configuration issue suspected,Normal
INC-10879,Vertex Technologies,Technology,P3,P3,False,,2026-08-22 21:12:00,2026-08-22 21:36:00,2026-08-23 04:32:24,2026-08-23 08:44:36.191307,8,7.34,ISR Router,Chicago,Engineer-04,Night,Resolved,Critical,False,Not Required,False,Network performance degradation,Normal
INC-10880,Summit Retail,Retail,P2,P2,False,,2026-08-24 09:40:00,2026-08-24 09:48:00,2026-08-24 12:01:36,2026-08-25 07:11:43.448152,4,2.36,Firewall,Seattle,Engineer-06,Day,Escalated,Medium,False,Not Required,False,Hardware failure reported,Normal
INC-10881,Pioneer Energy,Energy,P3,P1,True,2026-08-09 05:24:00,2026-08-09 03:24:00,2026-08-09 03:30:00,2026-08-09 07:43:48,2026-08-10 04:12:53.301440,4,2.33,ISR Router,Phoenix,Engineer-07,Night,Closed,Critical,False,Not Required,False,Device unreachable,Normal
INC-10882,BluePeak Telecom,Telecommunications,P3,P3,False,,2026-08-04 15:27:00,2026-08-04 15:44:00,2026-08-04 20:37:12,2026-08-05 00:50:01.425644,8,5.17,Firewall,Dallas,Engineer-07,Day,Pending Customer,Critical,True,Requested,True,Intermittent connectivity reported by customer,Normal
INC-10883,Northstar Health,Healthcare,P4,P4,False,,2026-08-07 01:57:00,2026-08-07 02:23:00,2026-08-07 08:04:12,2026-08-07 09:17:48.084933,8,6.12,ISR Router,Denver,Engineer-09,Night,Investigating,Low,False,Not Required,False,Customer unable to access network services,Normal
INC-10884,BluePeak Telecom,Telecommunications,P4,P4,False,,2026-08-08 04:01:00,2026-08-08 04:23:00,2026-08-08 10:12:24,2026-08-09 04:44:26.681345,8,6.19,ISR Router,Charlotte,Engineer-04,Day,Investigating,High,False,Not Required,False,Hardware failure reported,Normal
INC-10885,Orion Manufacturing,Manufacturing,P4,P1,True,2026-08-28 13:24:00,2026-08-28 13:14:00,2026-08-28 13:29:00,2026-08-28 17:00:36,2026-08-29 00:16:16.172548,4,3.61,Catalyst 9500,Seattle,Engineer-10,Day,Investigating,High,True,Shipment Delayed,False,Switch rebooting unexpectedly,Normal
INC-10886,Orion Manufacturing,Manufacturing,P3,P3,False,,2026-08-13 19:48:00,2026-08-13 20:05:00,2026-08-13 23:53:24,2026-08-14 18:29:10.623326,8,4.09,Wireless AP,Phoenix,Engineer-04,Day,Open,Critical,False,Not Required,False,High CPU utilization observed,Normal
INC-10887,Orion Manufacturing,Manufacturing,P4,P4,False,,2026-08-12 04:45:00,2026-08-12 04:52:00,2026-08-12 11:00:00,2026-08-13 04:04:31.308411,8,6.25,Firewall,Boston,Engineer-06,Day,Escalated,Critical,False,Not Required,False,Configuration issue suspected,Normal
INC-10888,Vertex Technologies,Technology,P4,P4,False,,2026-08-29 15:01:00,2026-08-29 15:27:00,2026-08-29 22:31:36,2026-08-30 05:08:25.235837,8,7.51,Catalyst 9500,Boston,Engineer-06,Night,Pending Customer,High,False,Not Required,False,Wireless connectivity issue,Normal
INC-10889,Apex Financial,BFSI,P3,P3,False,,2026-08-14 02:27:00,2026-08-14 02:40:00,2026-08-14 07:45:36,2026-08-14 14:56:59.271971,8,5.31,Wireless AP,Dallas,Engineer-06,Night,Escalated,Critical,False,Not Required,False,Intermittent connectivity reported by customer,Normal
INC-10890,Meridian Public Services,Public Sector,P1,P1,False,,2026-08-08 02:45:00,2026-08-08 02:52:00,2026-08-08 04:54:36,2026-08-08 21:54:07.899400,4,2.16,Catalyst 9500,Phoenix,Engineer-10,Day,Open,High,True,Requested,False,High CPU utilization observed,Normal
INC-10891,BluePeak Telecom,Telecommunications,P3,P3,False,,2026-08-17 02:14:00,2026-08-17 02:21:00,2026-08-17 08:33:48,2026-08-17 22:44:00.029298,8,6.33,Wireless AP,Atlanta,Engineer-05,Day,Escalated,Medium,False,Not Required,False,Device unreachable,Normal
INC-10892,Meridian Public Services,Public Sector,P4,P4,False,,2026-08-23 02:04:00,2026-08-23 02:12:00,2026-08-23 07:04:36,2026-08-24 02:05:20.289148,8,5.01,ISR Router,Seattle,Engineer-08,Night,Investigating,Low,False,Not Required,False,Wireless connectivity issue,Normal
INC-10893,Summit Retail,Retail,P3,P3,False,,2026-08-09 16:52:00,2026-08-09 16:57:00,2026-08-09 22:44:48,2026-08-10 20:19:40.601680,8,5.88,Catalyst 9500,Atlanta,Engineer-09,Day,Investigating,Low,False,Not Required,False,Customer unable to access network services,Normal
INC-10894,Pioneer Energy,Energy,P3,P3,False,,2026-08-23 03:45:00,2026-08-23 03:57:00,2026-08-23 08:21:36,2026-08-23 23:17:53.690560,8,4.61,Catalyst 9500,Atlanta,Engineer-04,Night,Resolved,High,True,Delivered,False,Customer unable to access network services,Normal
INC-10895,BluePeak Telecom,Telecommunications,P4,P4,False,,2026-08-21 16:22:00,2026-08-21 16:46:00,2026-08-21 22:32:12,2026-08-22 18:48:07.576611,8,6.17,Wireless AP,Seattle,Engineer-08,Night,Resolved,Critical,False,Not Required,False,Configuration issue suspected,Normal
INC-10896,Orion Manufacturing,Manufacturing,P3,P3,False,,2026-08-10 03:38:00,2026-08-10 03:56:00,2026-08-10 09:03:48,2026-08-10 16:57:08.087265,8,5.43,Catalyst 9500,Seattle,Engineer-08,Day,Open,Low,True,Delivered,False,Wireless connectivity issue,Normal
INC-10897,Apex Financial,BFSI,P3,P3,False,,2026-08-08 04:01:00,2026-08-08 04:13:00,2026-08-08 11:24:24,2026-08-08 18:13:25.772126,8,7.39,Catalyst 9500,Charlotte,Engineer-03,Night,Resolved,Medium,False,Not Required,False,Customer unable to access network services,Normal
INC-10898,Summit Retail,Retail,P4,P4,False,,2026-08-10 11:03:00,2026-08-10 11:19:00,2026-08-10 16:47:24,2026-08-11 02:40:50.907018,8,5.74,Catalyst 9500,Minneapolis,Engineer-03,Night,Open,Medium,False,Not Required,False,Wireless connectivity issue,Normal
INC-10899,BluePeak Telecom,Telecommunications,P2,P2,False,,2026-08-11 06:19:00,2026-08-11 06:32:00,2026-08-11 08:36:24,2026-08-12 08:25:29.843697,4,2.29,ISR Router,Seattle,Engineer-09,Night,Open,Critical,True,Shipment Delayed,False,High interface error rate detected,Normal
INC-10900,Apex Financial,BFSI,P3,P3,False,,2026-08-12 19:20:00,2026-08-12 19:34:00,2026-08-13 00:42:48,2026-08-13 20:08:29.343880,8,5.38,Catalyst 9300,Seattle,Engineer-04,Night,Open,Critical,False,Not Required,False,Interface flapping,Normal
INC-10901,Pioneer Energy,Energy,P3,P3,False,,2026-08-24 23:40:00,2026-08-24 23:53:00,2026-08-25 04:12:24,2026-08-25 22:44:06.605734,8,4.54,Wireless AP,Seattle,Engineer-01,Day,Investigating,Critical,False,Not Required,False,High interface error rate detected,Normal
INC-10902,BluePeak Telecom,Telecommunications,P2,P2,False,,2026-08-19 06:26:00,2026-08-19 06:33:00,2026-08-19 09:11:00,2026-08-19 23:15:05.869433,4,2.75,Wireless AP,Phoenix,Engineer-01,Day,Pending Customer,Medium,False,Not Required,False,Intermittent connectivity reported by customer,Normal
INC-10903,Northstar Health,Healthcare,P4,P4,False,,2026-08-22 15:07:00,2026-08-22 15:14:00,2026-08-22 21:37:36,2026-08-23 17:17:43.913653,8,6.51,Catalyst 9500,Austin,Engineer-05,Night,Open,Critical,False,Not Required,False,Wireless connectivity issue,Normal
INC-10904,Summit Retail,Retail,P3,P3,False,,2026-08-27 22:37:00,2026-08-27 22:58:00,2026-08-28 05:10:36,2026-08-29 00:43:08.445915,8,6.56,Wireless AP,Chicago,Engineer-10,Night,Closed,High,False,Not Required,False,Network performance degradation,Normal
INC-10905,Apex Financial,BFSI,P4,P4,False,,2026-08-02 18:19:00,2026-08-02 18:32:00,2026-08-02 22:43:00,2026-08-03 03:07:12.079075,8,4.4,Wireless AP,Minneapolis,Engineer-05,Night,Resolved,Critical,False,Not Required,False,Device unreachable,Normal
INC-10906,Vertex Technologies,Technology,P3,P3,False,,2026-08-03 07:10:00,2026-08-03 07:34:00,2026-08-03 12:58:00,2026-08-04 11:19:12.335545,8,5.8,Wireless AP,Atlanta,Engineer-02,Night,Escalated,Critical,True,Shipped,False,Unexpected device restart,Normal
INC-10907,Apex Financial,BFSI,P3,P3,False,,2026-08-10 07:31:00,2026-08-10 07:51:00,2026-08-10 14:59:48,2026-08-11 01:06:45.338970,8,7.48,Wireless AP,Charlotte,Engineer-07,Day,Escalated,Low,False,Not Required,False,Interface flapping,Normal
INC-10908,Vertex Technologies,Technology,P3,P3,False,,2026-08-04 02:05:00,2026-08-04 02:33:00,2026-08-04 06:06:48,2026-08-04 19:32:30.673477,8,4.03,ISR Router,Phoenix,Engineer-10,Day,Pending Customer,High,False,Not Required,True,Network latency observed at site,Normal
INC-10909,Meridian Public Services,Public Sector,P4,P4,False,,2026-08-22 22:22:00,2026-08-22 22:48:00,2026-08-23 04:30:24,2026-08-23 06:26:11.590072,8,6.14,Catalyst 9300,Austin,Engineer-08,Day,Open,High,False,Not Required,False,Network latency observed at site,Normal
INC-10910,Apex Financial,BFSI,P4,P4,False,,2026-08-16 03:17:00,2026-08-16 03:40:00,2026-08-16 08:22:24,2026-08-17 04:37:15.165718,8,5.09,Firewall,Denver,Engineer-01,Day,Investigating,Medium,True,Customer Return Pending,False,Customer unable to access network services,Normal
INC-10911,Northstar Health,Healthcare,P3,P3,False,,2026-08-10 01:25:00,2026-08-10 01:40:00,2026-08-10 07:54:24,2026-08-11 00:53:22.446277,8,6.49,Wireless AP,Dallas,Engineer-05,Day,Closed,Low,False,Not Required,False,Customer unable to access network services,Normal
INC-10912,BluePeak Telecom,Telecommunications,P3,P3,False,,2026-08-23 04:02:00,2026-08-23 04:09:00,2026-08-23 08:15:12,2026-08-24 05:22:53.726878,8,4.22,ISR Router,Charlotte,Engineer-07,Day,Pending Customer,High,True,Delivered,False,Network performance degradation,Normal
INC-10913,Northstar Health,Healthcare,P3,P3,False,,2026-08-22 21:35:00,2026-08-22 22:03:00,2026-08-23 03:47:00,2026-08-24 02:20:39.717237,8,6.2,ISR Router,Boston,Engineer-06,Day,Closed,Critical,False,Not Required,False,Interface flapping,Normal
INC-10914,Apex Financial,BFSI,P1,P1,False,,2026-08-28 08:24:00,2026-08-28 08:31:00,2026-08-28 11:49:12,2026-08-28 23:28:50.126795,4,3.42,ISR Router,Atlanta,Engineer-07,Day,Pending Customer,Low,False,Not Required,False,Switch rebooting unexpectedly,Normal
INC-10915,Summit Retail,Retail,P1,P1,False,,2026-08-26 05:16:00,2026-08-26 05:27:00,2026-08-26 07:25:36,2026-08-27 04:33:49.135439,4,2.16,Wireless AP,Atlanta,Engineer-06,Night,Closed,Medium,False,Not Required,True,Packet loss reported,Normal
INC-10916,Meridian Public Services,Public Sector,P3,P3,False,,2026-08-21 11:45:00,2026-08-21 12:00:00,2026-08-21 18:45:00,2026-08-22 04:19:46.378297,8,7.0,Catalyst 9500,Seattle,Engineer-10,Night,Pending Customer,Medium,True,Delivered,False,Wireless connectivity issue,Normal
INC-10917,Vertex Technologies,Technology,P3,P3,False,,2026-08-26 01:29:00,2026-08-26 01:57:00,2026-08-26 07:42:12,2026-08-26 15:22:40.004088,8,6.22,Catalyst 9500,Atlanta,Engineer-06,Night,Resolved,Medium,False,Not Required,False,High CPU utilization observed,Normal
INC-10918,BluePeak Telecom,Telecommunications,P4,P4,False,,2026-08-20 18:14:00,2026-08-20 18:29:00,2026-08-21 01:21:48,2026-08-21 07:29:24.082293,8,7.13,ISR Router,Austin,Engineer-07,Day,Escalated,Critical,False,Not Required,False,High interface error rate detected,Normal
INC-10919,Apex Financial,BFSI,P1,P1,False,,2026-08-31 14:15:00,2026-08-31 14:26:00,2026-08-31 16:15:00,2026-08-31 18:20:54.839088,4,2.0,Catalyst 9500,Dallas,Engineer-05,Night,Pending Customer,Medium,True,Shipped,False,Intermittent connectivity reported by customer,Normal
INC-10920,Orion Manufacturing,Manufacturing,P3,P3,False,,2026-08-25 03:54:00,2026-08-25 04:06:00,2026-08-25 11:22:12,2026-08-25 21:19:03.395803,8,7.47,Catalyst 9300,Seattle,Engineer-05,Day,Escalated,Medium,False,Not Required,False,Hardware failure reported,Normal
INC-10921,Vertex Technologies,Technology,P1,P1,False,,2026-08-05 23:46:00,2026-08-05 23:55:00,2026-08-06 02:04:00,2026-08-06 09:47:23.816802,4,2.3,Catalyst 9300,Charlotte,Engineer-02,Night,Closed,Critical,False,Not Required,False,Wireless connectivity issue,Normal
INC-10922,Orion Manufacturing,Manufacturing,P2,P2,False,,2026-08-05 03:54:00,2026-08-05 03:59:00,2026-08-05 07:34:12,2026-08-05 10:05:15.332210,4,3.67,Catalyst 9500,Atlanta,Engineer-06,Day,Pending Customer,Low,False,Not Required,False,Device unreachable,Normal
INC-10923,BluePeak Telecom,Telecommunications,P3,P3,False,,2026-08-20 08:50:00,2026-08-20 08:57:00,2026-08-20 14:10:24,2026-08-20 17:17:24.092541,8,5.34,Catalyst 9500,Denver,Engineer-08,Night,Open,Critical,False,Not Required,False,Configuration issue suspected,Normal
INC-10924,BluePeak Telecom,Telecommunications,P2,P2,False,,2026-08-27 22:34:00,2026-08-27 22:42:00,2026-08-28 01:24:24,2026-08-28 23:40:30.310334,4,2.84,Catalyst 9300,Dallas,Engineer-02,Day,Investigating,High,False,Not Required,True,Network latency observed at site,Normal
INC-10925,Orion Manufacturing,Manufacturing,P3,P3,False,,2026-08-19 23:44:00,2026-08-19 23:51:00,2026-08-20 07:23:36,2026-08-21 01:31:13.124302,8,7.66,Wireless AP,Denver,Engineer-09,Night,Investigating,Medium,False,Not Required,False,Network latency observed at site,Normal
INC-10926,Pioneer Energy,Energy,P4,P1,True,2026-08-01 18:38:00,2026-08-01 18:22:00,2026-08-01 18:51:00,2026-08-01 21:13:24,2026-08-02 15:12:01.865238,4,2.59,Firewall,Minneapolis,Engineer-07,Night,Closed,Medium,True,Shipped,False,Packet loss reported,Normal
INC-10927,Northstar Health,Healthcare,P3,P3,False,,2026-08-24 10:07:00,2026-08-24 10:31:00,2026-08-24 17:09:24,2026-08-25 12:14:16.907208,8,7.04,Catalyst 9500,Denver,Engineer-10,Day,Resolved,Critical,False,Not Required,False,Network latency observed at site,Normal
INC-10928,Orion Manufacturing,Manufacturing,P4,P4,False,,2026-08-05 08:21:00,2026-08-05 08:39:00,2026-08-05 16:01:48,2026-08-06 15:27:28.727249,8,7.68,ISR Router,Austin,Engineer-02,Day,Pending Customer,Medium,False,Not Required,False,Network performance degradation,Normal
INC-10929,BluePeak Telecom,Telecommunications,P4,P4,False,,2026-08-20 19:54:00,2026-08-20 20:02:00,2026-08-21 01:15:36,2026-08-21 04:26:55.021581,8,5.36,Wireless AP,Austin,Engineer-01,Night,Pending Customer,Low,False,Not Required,False,Network latency observed at site,Normal
INC-10930,Northstar Health,Healthcare,P3,P3,False,,2026-08-25 17:58:00,2026-08-25 18:05:00,2026-08-26 01:00:24,2026-08-26 14:37:55.942255,8,7.04,Catalyst 9500,Dallas,Engineer-04,Day,Investigating,High,False,Not Required,False,Intermittent connectivity reported by customer,Normal
INC-10931,BluePeak Telecom,Telecommunications,P2,P2,False,,2026-08-11 08:47:00,2026-08-11 08:52:00,2026-08-11 11:01:24,2026-08-11 14:11:33.279491,4,2.24,Firewall,Chicago,Engineer-02,Night,Open,Critical,False,Not Required,True,Device unreachable,Normal
INC-10932,Pioneer Energy,Energy,P2,P2,False,,2026-08-31 17:57:00,2026-08-31 18:05:00,2026-08-31 20:05:24,2026-09-01 00:57:45.848050,4,2.14,Catalyst 9300,Minneapolis,Engineer-06,Night,Resolved,High,False,Not Required,False,Switch rebooting unexpectedly,Normal
INC-10933,Northstar Health,Healthcare,P4,P2,True,2026-08-20 02:06:00,2026-08-19 23:49:00,2026-08-19 23:57:00,2026-08-20 04:12:00,2026-08-20 07:46:11.422463,4,2.1,Catalyst 9300,Minneapolis,Engineer-04,Day,Investigating,Medium,False,Not Required,False,Unexpected device restart,Normal
INC-10934,BluePeak Telecom,Telecommunications,P3,P3,False,,2026-08-04 22:26:00,2026-08-04 22:39:00,2026-08-05 04:51:48,2026-08-05 17:18:35.675208,8,6.43,ISR Router,Atlanta,Engineer-07,Night,Resolved,High,False,Not Required,False,Device unreachable,Normal
INC-10935,Vertex Technologies,Technology,P4,P4,False,,2026-08-23 01:14:00,2026-08-23 01:26:00,2026-08-23 08:01:24,2026-08-24 01:50:31.705722,8,6.79,ISR Router,Atlanta,Engineer-10,Day,Closed,Low,False,Not Required,False,Hardware failure reported,Normal
INC-10936,Vertex Technologies,Technology,P4,P1,True,2026-08-11 06:36:00,2026-08-11 06:28:00,2026-08-11 06:44:00,2026-08-11 09:10:12,2026-08-11 19:29:33.302348,4,2.57,ISR Router,Denver,Engineer-10,Day,Closed,Low,False,Not Required,False,Wireless connectivity issue,Normal
INC-10937,Pioneer Energy,Energy,P3,P3,False,,2026-08-14 01:16:00,2026-08-14 01:21:00,2026-08-14 06:53:12,2026-08-14 11:32:04.502212,8,5.62,Catalyst 9500,Atlanta,Engineer-04,Night,Pending Customer,Medium,False,Not Required,False,Wireless connectivity issue,Normal
INC-10938,Pioneer Energy,Energy,P3,P3,False,,2026-08-25 00:30:00,2026-08-25 00:51:00,2026-08-25 04:44:24,2026-08-25 16:11:30.725784,8,4.24,Firewall,Chicago,Engineer-04,Night,Open,Medium,False,Not Required,False,Device unreachable,Normal
INC-10939,Vertex Technologies,Technology,P3,P1,True,2026-08-21 15:33:00,2026-08-21 15:24:00,2026-08-21 15:37:00,2026-08-21 18:01:12,2026-08-22 03:23:57.061725,4,2.47,ISR Router,Minneapolis,Engineer-07,Night,Investigating,Medium,False,Not Required,True,Interface flapping,Normal
INC-10940,BluePeak Telecom,Telecommunications,P4,P4,False,,2026-08-22 17:54:00,2026-08-22 18:18:00,2026-08-23 00:03:00,2026-08-23 22:18:42.859667,8,6.15,Wireless AP,Austin,Engineer-02,Day,Investigating,High,False,Not Required,False,Device unreachable,Normal
INC-10941,Apex Financial,BFSI,P3,P3,False,,2026-08-24 09:46:00,2026-08-24 10:04:00,2026-08-24 14:42:24,2026-08-25 10:12:44.316345,8,4.94,Catalyst 9500,Austin,Engineer-06,Night,Resolved,Low,False,Not Required,False,Packet loss reported,Normal
INC-10942,Summit Retail,Retail,P4,P4,False,,2026-08-25 07:34:00,2026-08-25 07:49:00,2026-08-25 13:25:00,2026-08-26 00:19:32.160271,8,5.85,Catalyst 9300,Charlotte,Engineer-08,Day,Investigating,Low,False,Not Required,False,Packet loss reported,Normal
INC-10943,Northstar Health,Healthcare,P3,P3,False,,2026-08-03 03:43:00,2026-08-03 04:05:00,2026-08-03 09:22:00,2026-08-03 13:29:17.719133,8,5.65,Firewall,Atlanta,Engineer-04,Night,Open,Critical,False,Not Required,False,Wireless connectivity issue,Normal
INC-10944,Northstar Health,Healthcare,P4,P1,True,2026-08-20 06:22:00,2026-08-20 03:05:00,2026-08-20 03:13:00,2026-08-20 08:26:48,2026-08-20 22:00:36.926515,4,2.08,Catalyst 9300,Chicago,Engineer-01,Night,Open,Critical,False,Not Required,False,Device unreachable,Normal
INC-10945,Apex Financial,BFSI,P4,P4,False,,2026-08-14 22:22:00,2026-08-14 22:38:00,2026-08-15 05:11:12,2026-08-15 18:58:52.552150,8,6.82,Wireless AP,Phoenix,Engineer-07,Night,Open,Medium,False,Not Required,False,Switch rebooting unexpectedly,Normal
INC-10946,Apex Financial,BFSI,P4,P4,False,,2026-08-07 06:08:00,2026-08-07 06:22:00,2026-08-07 11:51:48,2026-08-08 04:04:53.553208,8,5.73,ISR Router,Phoenix,Engineer-03,Day,Investigating,Low,False,Not Required,False,Unexpected device restart,Normal
INC-10947,Northstar Health,Healthcare,P4,P4,False,,2026-08-13 00:10:00,2026-08-13 00:26:00,2026-08-13 04:17:48,2026-08-13 09:19:25.927444,8,4.13,Catalyst 9500,Boston,Engineer-05,Night,Investigating,Low,False,Not Required,False,Unexpected device restart,Normal
INC-10948,Northstar Health,Healthcare,P3,P3,False,,2026-08-09 22:33:00,2026-08-09 23:00:00,2026-08-10 04:37:48,2026-08-10 21:12:15.336476,8,6.08,Catalyst 9500,Phoenix,Engineer-02,Day,Escalated,Critical,False,Not Required,False,Switch rebooting unexpectedly,Normal
INC-10949,Summit Retail,Retail,P3,P3,False,,2026-08-09 10:16:00,2026-08-09 10:40:00,2026-08-09 15:04:00,2026-08-10 08:56:06.711918,8,4.8,Wireless AP,Atlanta,Engineer-10,Day,Escalated,Medium,False,Not Required,True,High CPU utilization observed,Normal
INC-10950,Orion Manufacturing,Manufacturing,P4,P1,True,2026-08-08 23:52:00,2026-08-08 23:44:00,2026-08-09 00:03:00,2026-08-09 02:42:24,2026-08-10 00:29:16.770792,4,2.84,ISR Router,Charlotte,Engineer-09,Night,Open,Low,False,Not Required,False,High interface error rate detected,Normal
INC-10951,Meridian Public Services,Public Sector,P3,P3,False,,2026-08-29 02:15:00,2026-08-29 02:37:00,2026-08-29 08:19:12,2026-08-29 17:07:10.470113,8,6.07,Catalyst 9300,Seattle,Engineer-03,Day,Investigating,Low,False,Not Required,False,Wireless connectivity issue,Normal
INC-10952,Summit Retail,Retail,P2,P2,False,,2026-08-26 07:44:00,2026-08-26 07:50:00,2026-08-26 10:38:36,2026-08-27 02:00:52.755873,4,2.91,Firewall,Atlanta,Engineer-03,Day,Escalated,Medium,True,Shipment Delayed,False,Interface flapping,Normal
INC-10953,Northstar Health,Healthcare,P4,P4,False,,2026-08-25 21:44:00,2026-08-25 21:49:00,2026-08-26 04:58:24,2026-08-26 22:36:15.853907,8,7.24,ISR Router,Minneapolis,Engineer-03,Night,Pending Customer,Low,True,Approved,False,Intermittent connectivity reported by customer,Normal
INC-10954,Northstar Health,Healthcare,P2,P2,False,,2026-08-21 23:38:00,2026-08-21 23:43:00,2026-08-22 02:53:36,2026-08-23 02:37:35.760593,4,3.26,Catalyst 9300,Phoenix,Engineer-08,Day,Escalated,High,False,Not Required,False,Customer unable to access network services,Normal
INC-10955,BluePeak Telecom,Telecommunications,P3,P3,False,,2026-08-16 09:31:00,2026-08-16 09:52:00,2026-08-16 16:55:36,2026-08-16 19:41:18.800907,8,7.41,ISR Router,Chicago,Engineer-03,Day,Resolved,Medium,False,Not Required,False,High interface error rate detected,Normal
INC-10956,Apex Financial,BFSI,P1,P1,False,,2026-08-20 01:00:00,2026-08-20 01:09:00,2026-08-20 04:33:00,2026-08-20 14:14:29.767088,4,3.55,ISR Router,Charlotte,Engineer-08,Day,Resolved,Critical,False,Not Required,True,High CPU utilization observed,Normal
INC-10957,BluePeak Telecom,Telecommunications,P3,P3,False,,2026-08-17 07:20:00,2026-08-17 07:36:00,2026-08-17 13:48:48,2026-08-17 23:14:10.241140,8,6.48,Firewall,Atlanta,Engineer-07,Night,Resolved,Medium,False,Not Required,False,Switch rebooting unexpectedly,Normal
INC-10958,Orion Manufacturing,Manufacturing,P3,P3,False,,2026-08-20 17:29:00,2026-08-20 17:53:00,2026-08-20 22:48:48,2026-08-21 22:47:03.756735,8,5.33,Catalyst 9300,Seattle,Engineer-01,Night,Open,Medium,False,Not Required,False,High CPU utilization observed,Normal
INC-10959,Meridian Public Services,Public Sector,P3,P3,False,,2026-08-29 17:58:00,2026-08-29 18:19:00,2026-08-30 00:44:12,2026-08-30 07:45:13.127742,8,6.77,Catalyst 9500,Denver,Engineer-01,Night,Open,Critical,False,Not Required,False,Switch rebooting unexpectedly,Normal
INC-10960,Meridian Public Services,Public Sector,P4,P4,False,,2026-08-21 02:25:00,2026-08-21 02:38:00,2026-08-21 07:19:36,2026-08-21 23:48:20.382802,8,4.91,Firewall,Minneapolis,Engineer-08,Day,Resolved,Critical,True,Delivered,False,Wireless connectivity issue,Normal
INC-10961,BluePeak Telecom,Telecommunications,P1,P1,False,,2026-08-29 13:48:00,2026-08-29 13:55:00,2026-08-29 16:26:24,2026-08-30 10:07:12.923683,4,2.64,Catalyst 9500,Seattle,Engineer-10,Night,Escalated,Medium,False,Not Required,False,Device unreachable,Normal
INC-10962,BluePeak Telecom,Telecommunications,P2,P2,False,,2026-08-31 11:48:00,2026-08-31 11:57:00,2026-08-31 15:19:12,2026-08-31 17:17:36.029335,4,3.52,ISR Router,Denver,Engineer-08,Day,Escalated,Critical,False,Not Required,False,Device unreachable,Normal
INC-10963,Summit Retail,Retail,P4,P4,False,,2026-08-10 13:50:00,2026-08-10 14:03:00,2026-08-10 21:04:24,2026-08-11 09:52:18.756009,8,7.24,ISR Router,Seattle,Engineer-03,Night,Investigating,Low,False,Not Required,False,High interface error rate detected,Normal
INC-10964,Apex Financial,BFSI,P4,P4,False,,2026-08-24 04:29:00,2026-08-24 04:53:00,2026-08-24 11:36:12,2026-08-24 14:01:06.690706,8,7.12,Catalyst 9500,Denver,Engineer-06,Day,Resolved,Medium,False,Not Required,True,Unexpected device restart,Normal
INC-10965,Apex Financial,BFSI,P2,P2,False,,2026-08-17 08:37:00,2026-08-17 08:47:00,2026-08-17 12:10:00,2026-08-17 15:58:36.538786,4,3.55,ISR Router,Phoenix,Engineer-04,Day,Investigating,High,False,Not Required,False,Customer unable to access network services,Normal
INC-10966,Northstar Health,Healthcare,P3,P3,False,,2026-08-07 07:37:00,2026-08-07 07:44:00,2026-08-07 13:59:12,2026-08-07 19:32:25.584663,8,6.37,Catalyst 9300,Denver,Engineer-10,Night,Resolved,Low,False,Not Required,False,Interface flapping,Normal
INC-10967,Summit Retail,Retail,P4,P4,False,,2026-08-17 15:48:00,2026-08-17 16:03:00,2026-08-17 23:31:12,2026-08-18 02:42:43.485276,8,7.72,Catalyst 9500,Austin,Engineer-07,Day,Closed,Low,False,Not Required,False,Switch rebooting unexpectedly,Normal
INC-10968,Apex Financial,BFSI,P3,P3,False,,2026-08-18 04:53:00,2026-08-18 05:17:00,2026-08-18 10:50:36,2026-08-18 12:08:42.352442,8,5.96,Catalyst 9300,Atlanta,Engineer-04,Day,Open,Low,False,Not Required,False,Hardware failure reported,Normal
INC-10969,Pioneer Energy,Energy,P4,P4,False,,2026-08-13 11:39:00,2026-08-13 11:55:00,2026-08-13 16:09:00,2026-08-13 18:28:57.849595,8,4.5,ISR Router,Chicago,Engineer-10,Day,Closed,Low,False,Not Required,True,High CPU utilization observed,Normal
INC-10970,Northstar Health,Healthcare,P3,P3,False,,2026-08-11 00:37:00,2026-08-11 00:46:00,2026-08-11 07:27:24,2026-08-11 17:49:26.703145,8,6.84,Firewall,Dallas,Engineer-05,Day,Resolved,Medium,False,Not Required,False,Device unreachable,Normal
INC-10971,Vertex Technologies,Technology,P3,P3,False,,2026-08-03 02:16:00,2026-08-03 02:22:00,2026-08-03 08:52:36,2026-08-04 05:35:38.558749,8,6.61,Firewall,Dallas,Engineer-09,Day,Open,Critical,False,Not Required,False,Wireless connectivity issue,Normal
INC-10972,Orion Manufacturing,Manufacturing,P3,P3,False,,2026-08-24 01:33:00,2026-08-24 02:00:00,2026-08-24 05:54:36,2026-08-25 00:04:33.193219,8,4.36,Catalyst 9300,Boston,Engineer-01,Night,Investigating,Critical,False,Not Required,False,Interface flapping,Normal
INC-10973,Apex Financial,BFSI,P4,P1,True,2026-08-13 04:58:00,2026-08-13 04:43:00,2026-08-13 05:04:00,2026-08-13 07:08:12,2026-08-13 11:55:24.075208,4,2.17,Catalyst 9500,Austin,Engineer-09,Day,Pending Customer,Critical,False,Not Required,False,High CPU utilization observed,Normal
INC-10974,Summit Retail,Retail,P3,P3,False,,2026-08-14 17:41:00,2026-08-14 17:50:00,2026-08-15 00:00:48,2026-08-15 23:38:36.565877,8,6.33,Catalyst 9300,Charlotte,Engineer-09,Day,Escalated,Low,False,Not Required,False,Hardware failure reported,Normal
INC-10975,Apex Financial,BFSI,P3,P3,False,,2026-08-28 21:58:00,2026-08-28 22:20:00,2026-08-29 04:43:36,2026-08-29 17:53:04.738929,8,6.76,Catalyst 9300,Phoenix,Engineer-05,Day,Resolved,Medium,False,Not Required,False,Interface flapping,Normal
INC-10976,Summit Retail,Retail,P4,P1,True,2026-08-17 11:43:00,2026-08-17 11:36:00,2026-08-17 11:50:00,2026-08-17 14:13:00,2026-08-17 19:16:51.221345,4,2.5,Firewall,Denver,Engineer-01,Day,Closed,Critical,True,Delivered,False,Packet loss reported,Normal
INC-10977,Meridian Public Services,Public Sector,P4,P4,False,,2026-08-27 17:41:00,2026-08-27 18:05:00,2026-08-28 00:32:00,2026-08-28 18:41:30.374128,8,6.85,Wireless AP,Dallas,Engineer-10,Night,Resolved,Critical,False,Not Required,False,Hardware failure reported,Normal
INC-10978,Pioneer Energy,Energy,P3,P3,False,,2026-08-19 07:09:00,2026-08-19 07:24:00,2026-08-19 13:16:12,2026-08-19 21:02:28.941164,8,6.12,Catalyst 9300,Seattle,Engineer-05,Day,Resolved,High,False,Not Required,False,Customer unable to access network services,Normal
INC-10979,Vertex Technologies,Technology,P4,P4,False,,2026-08-19 17:03:00,2026-08-19 17:21:00,2026-08-19 23:22:48,2026-08-20 00:54:29.143494,8,6.33,Catalyst 9500,Phoenix,Engineer-02,Day,Investigating,Medium,False,Not Required,False,Device unreachable,Normal
INC-10980,Northstar Health,Healthcare,P3,P3,False,,2026-08-24 07:33:00,2026-08-24 07:57:00,2026-08-24 12:22:48,2026-08-25 04:47:36.135139,8,4.83,Wireless AP,Charlotte,Engineer-01,Night,Investigating,Medium,False,Not Required,False,Unexpected device restart,Normal
INC-10981,Vertex Technologies,Technology,P4,P4,False,,2026-08-29 21:07:00,2026-08-29 21:16:00,2026-08-30 04:29:48,2026-08-30 18:31:14.976958,8,7.38,Firewall,Atlanta,Engineer-09,Day,Pending Customer,Low,False,Not Required,True,High interface error rate detected,Normal
INC-10982,Meridian Public Services,Public Sector,P2,P2,False,,2026-08-18 12:36:00,2026-08-18 12:47:00,2026-08-18 15:12:00,2026-08-19 06:41:53.214566,4,2.6,Wireless AP,Dallas,Engineer-06,Day,Escalated,High,False,Not Required,False,Network performance degradation,Normal
INC-10983,Pioneer Energy,Energy,P4,P4,False,,2026-08-09 06:49:00,2026-08-09 07:02:00,2026-08-09 12:19:00,2026-08-09 16:44:33.228820,8,5.5,Wireless AP,Denver,Engineer-03,Day,Resolved,High,False,Not Required,False,Packet loss reported,Normal
INC-10984,BluePeak Telecom,Telecommunications,P4,P4,False,,2026-08-20 12:58:00,2026-08-20 13:15:00,2026-08-20 17:11:48,2026-08-20 19:27:54.494903,8,4.23,Catalyst 9300,Austin,Engineer-03,Night,Investigating,Low,False,Not Required,False,Intermittent connectivity reported by customer,Normal
INC-10985,Vertex Technologies,Technology,P3,P2,True,2026-08-03 09:55:00,2026-08-03 09:40:00,2026-08-03 09:58:00,2026-08-03 12:42:24,2026-08-04 07:15:02.577751,4,2.79,Catalyst 9300,Denver,Engineer-04,Night,Open,Low,False,Not Required,False,Intermittent connectivity reported by customer,Normal
INC-10986,Pioneer Energy,Energy,P3,P3,False,,2026-08-15 14:38:00,2026-08-15 14:52:00,2026-08-15 20:06:12,2026-08-15 22:26:29.469516,8,5.47,Wireless AP,Atlanta,Engineer-01,Night,Investigating,High,False,Not Required,False,Network performance degradation,Normal
INC-10987,Orion Manufacturing,Manufacturing,P4,P4,False,,2026-08-21 15:59:00,2026-08-21 16:16:00,2026-08-21 23:26:36,2026-08-22 23:01:44.147345,8,7.46,Wireless AP,Atlanta,Engineer-10,Day,Pending Customer,Low,False,Not Required,False,Intermittent connectivity reported by customer,Normal
INC-10988,Northstar Health,Healthcare,P3,P3,False,,2026-08-30 04:59:00,2026-08-30 05:14:00,2026-08-30 10:19:24,2026-08-31 08:43:38.594563,8,5.34,ISR Router,Austin,Engineer-07,Night,Open,Medium,False,Not Required,False,Wireless connectivity issue,Normal
INC-10989,Orion Manufacturing,Manufacturing,P4,P4,False,,2026-08-06 21:06:00,2026-08-06 21:13:00,2026-08-07 03:21:36,2026-08-07 04:22:14.455816,8,6.26,Catalyst 9300,Minneapolis,Engineer-09,Day,Escalated,Medium,True,Delivered,False,Intermittent connectivity reported by customer,Normal
INC-10990,Summit Retail,Retail,P3,P2,True,2026-08-10 08:47:00,2026-08-10 08:37:00,2026-08-10 08:59:00,2026-08-10 11:21:12,2026-08-10 15:25:34.473693,4,2.57,Catalyst 9500,Minneapolis,Engineer-08,Night,Escalated,Medium,False,Not Required,False,Switch rebooting unexpectedly,Normal
INC-10991,Northstar Health,Healthcare,P4,P4,False,,2026-08-13 15:34:00,2026-08-13 15:42:00,2026-08-13 23:02:48,2026-08-14 20:51:45.543288,8,7.48,Wireless AP,Chicago,Engineer-05,Day,Investigating,Medium,False,Not Required,False,Interface flapping,Normal
INC-10992,Meridian Public Services,Public Sector,P4,P4,False,,2026-08-27 05:06:00,2026-08-27 05:31:00,2026-08-27 09:49:48,2026-08-27 22:46:36.347781,8,4.73,Catalyst 9500,Denver,Engineer-01,Day,Closed,Critical,False,Not Required,False,Switch rebooting unexpectedly,Normal
INC-10993,Summit Retail,Retail,P4,P4,False,,2026-08-29 03:54:00,2026-08-29 04:15:00,2026-08-29 08:33:36,2026-08-30 01:14:06.828253,8,4.66,Wireless AP,Dallas,Engineer-08,Day,Escalated,Medium,False,Not Required,True,High interface error rate detected,Normal
INC-10994,Vertex Technologies,Technology,P3,P3,False,,2026-08-04 14:30:00,2026-08-04 14:57:00,2026-08-04 18:43:48,2026-08-05 15:31:50.854304,8,4.23,Firewall,Minneapolis,Engineer-01,Night,Closed,Critical,False,Not Required,False,Hardware failure reported,Normal
INC-10995,Meridian Public Services,Public Sector,P4,P4,False,,2026-08-08 20:22:00,2026-08-08 20:37:00,2026-08-09 02:53:48,2026-08-09 05:52:44.459832,8,6.53,Catalyst 9300,Boston,Engineer-01,Night,Resolved,Low,False,Not Required,False,Network latency observed at site,Normal
INC-10996,Summit Retail,Retail,P3,P3,False,,2026-08-03 16:41:00,2026-08-03 16:51:00,2026-08-03 20:57:12,2026-08-04 11:04:39.192376,8,4.27,Catalyst 9300,Boston,Engineer-09,Night,Open,High,False,Not Required,False,Network performance degradation,Normal
INC-10997,Pioneer Energy,Energy,P4,P4,False,,2026-08-31 05:08:00,2026-08-31 05:14:00,2026-08-31 12:19:24,2026-09-01 07:41:10.286183,8,7.19,Firewall,Austin,Engineer-09,Night,Investigating,High,False,Not Required,False,High CPU utilization observed,Normal
INC-10998,Vertex Technologies,Technology,P3,P3,False,,2026-08-28 23:39:00,2026-08-29 00:00:00,2026-08-29 05:43:48,2026-08-29 08:14:54.229746,8,6.08,Firewall,Charlotte,Engineer-10,Night,Resolved,Medium,True,Shipped,False,Device unreachable,Normal
INC-10999,Pioneer Energy,Energy,P3,P3,False,,2026-08-18 21:11:00,2026-08-18 21:16:00,2026-08-19 04:41:00,2026-08-19 16:04:46.131293,8,7.5,Catalyst 9300,Minneapolis,Engineer-02,Night,Investigating,Critical,False,Not Required,True,Wireless connectivity issue,Normal
